股票代码,股票简称,行业编码,一级门类,二级门类,上市交易所,公司全程,上市日期,省份,城市,法人,地址,网址,邮箱,电话,主营业务,经营范围
cn_600519,贵州茅台,C15,制造业,酒、饮料和精制茶制造业,上海,贵州茅台酒股份有限公司,2001/8/27 0:00,贵州,遵义市,丁雄军,贵州省仁怀市茅台镇,www.moutaichina.com,mtdm@moutaichina.com,0851-22386002,贵州茅台酒系列产品的产品研制、酿造生产、包装和销售。,茅台酒系列产品的生产与销售；饮料、食品、包装材料的生产、销售；防伪技术开发、信息产业相关产品的研制、开发；酒店经营管理、住宿、餐饮、娱乐、洗浴及停车场管理服务(具体内容以工商核定登记为准)。
cn_300750,宁德时代,C38,制造业,电气机械和器材制造业,深圳,宁德时代新能源科技股份有限公司,2018/6/11 0:00,福建,宁德市,周佳,福建省宁德市蕉城区漳湾镇新港路2号,www.catl.com,CATL-IR@catl.com,0593-8901666,新能源汽车动力电池系统、储能系统的研发、生产和销售，以及锂电池回收利用业务。,锂离子电池、锂聚合物电池、燃料电池、动力电池、超大容量储能电池、超级电容器、电池管理系统及可充电电池包、风光电储能系统、相关设备仪器的开发、生产和销售及售后服务；对新能源行业的投资；锂电池及相关产品的技术服务、测试服务以及咨询服务。（依法须经批准的项目，经相关部门批准后方可开展经营活动）
cn_600660,福耀玻璃,C30,制造业,非金属矿物制品业,上海,福耀玻璃工业集团股份有限公司,1993/6/10 0:00,福建,福州市,曹德旺,福建省福清市融侨经济技术开发区福耀工业村,www.fuyaogroup.com,600660@fuyaogroup.com,0591-85383777,为各种交通运输工具提供安全玻璃全解决方案，包括汽车级浮法玻璃、汽车玻璃、机车玻璃相关的设计、生产、销售及服务,生产汽车玻璃，装饰玻璃和其它工业技术玻璃及玻璃安装，售后服务；开发和生产经营特种优质浮法玻璃，包括超薄玻璃、薄玻璃、透明玻璃、着色彩色玻璃；并统一协调管理集团内各成员公司的经营活动和代购代销成员公司的原辅材料和产品；协助所属企业招聘人员、提供技术培训及咨询等有关业务；生产玻璃塑胶包边总成，塑料、橡胶制品；包装木料加工；纸箱、纸板、铁架、可循环使用的包装金属支撑架、包括托盘等玻璃安装用的材料的销售。国家禁止外商投资的行业除外，国家限制外商投资的行业或有特殊规定的，须依法履行相关程序。（涉及审批许可项目的，只允许在审批许可的范围和有效期限内从事生产经营）。
cn_000651,格力电器,C38,制造业,电气机械和器材制造业,深圳,珠海格力电器股份有限公司,1996/11/18 0:00,广东,珠海市,董明珠,广东省珠海市珠海横琴新区汇通三路108号办公608,www.gree.com.cn,gree@gree.com.cn,0756-8614883,空调、干衣机等家用电器。,货物、技术的进出口（法律、行政法规禁止的项目除外；法律、行政法规限制的项目须取得许可后方可经营）；研发、制造、销售：泵、阀门、压缩机及类似机械，风机、包装设备等通用设备；电机、输配电及控制设备；电线、电缆、光缆及电工器材；家用制冷电器具，家用空气调节器及相关零部件；中央空调、制冷、空调设备、洁净空调、采暖设备、通风设备；空气源热泵热风机、热泵热水机、空调热水一体产品、燃气采暖热水炉设备、燃气供暖热水设备、热能节能设备、机电设备产品及相关零部件；新风及新风除霾设备；通讯终端设备及相关零部件；气体，液体分离及纯净设备及相关零部件；家用清洁卫生电器具、家用厨房电器具、家用通风电器具、其它家用电力器具及相关零部件；厨房用具、不锈钢制品、日用五金；炊具及配件、餐具及配件技术研发、制造、销售；建筑机电设备安装工程、泳池水处理、中央热水工程；新能源发电产品、储能系统及充电桩；电源、变流器、逆变器电力产品；直流电器及设备；节能产品、照明灯具制造、节能工程；电工仪器仪表；工业自动控制系统装置；能源信息集成管理系统；销售、安装及维护：中央空调、制冷、空调设备、洁净空调、采暖设备、通风设备；空气源热泵热风机、热泵热水机、空调热水一体产品、燃气采暖热水炉设备、燃气供暖热水设备、热能节能设备、新风及新风除霾设备。批发：机械设备、五金交电及电子产品；零售：家用电器及电子产品。
cn_600887,伊利股份,C14,制造业,食品制造业,上海,内蒙古伊利实业集团股份有限公司,1996/3/12 0:00,内蒙古,呼和浩特市,潘刚,内蒙古自治区呼和浩特市金山开发区金山大街1号,www.yili.com,info@yili.com,0471-3602359,乳制品（含婴幼儿配方乳粉）制造，食品、饮料加工。,乳制品（含婴幼儿配方乳粉）制造；食品、饮料加工；牲畜，家禽饲养；汽车货物运输；饮食服务（仅限集体食堂）；本企业产的乳制品、食品，饮料；乳制品及乳品原料；预包装食品的销售。农畜产品及饲料加工，经销食品、饮料加工设备、生产销售包装材料及包装用品、五金工具、化工产品（专营除外）、农副产品，日用百货，畜禽产品，饲料；进口：本企业生产、科研所需的原辅材料，机械设备，仪器仪表及零配件；经营本企业自产产品及相关技术的出口业务；机器设备修理劳动（除专营）和设备备件销售（除专营）业务；玩具的生产与销售；复配食品添加剂的制造和销售（取得许可证后方可经营）；特殊医学用途配方食品的生产、销售。（依法须经批准的项目，经相关部门批准后方可开展经营活动）
cn_002230,科大讯飞,I65,信息传输、软件和信息技术服务业,软件和信息技术服务业,深圳,科大讯飞股份有限公司,2008/5/12 0:00,安徽,合肥市,刘庆峰,安徽省合肥市高新开发区望江西路666号,www.iflytek.com,xunfei@iflytek.com,0551-67892230,人工智能技术研究、软件及芯片产品开发、知识服务,许可经营项目：增值电信业务，专业技术人员培训。一般经营项目：计算机软、硬件开发、生产和销售及技术服务；系统工程、信息服务；电子产品、计算机通信设备研发、生产、销售；图书批发、零售、电子出版物批发、零售；进出口业务（国家限定和禁止经营的除外）；安全技术防范工程；房屋租赁、物业管理服务；设计、制作、代理、发布广告；进网产品的研发、销售。
cn_002049,紫光国微,C39,制造业,计算机、通信和其他电子设备制造业,深圳,紫光国芯微电子股份有限公司,2005/6/6 0:00,河北,唐山市,马道杰,河北省玉田县无终西街3129号,www.gosinoic.com,zhengquan@gosinoic.com,0315-6198161,集成电路芯片设计开发、销售及技术服务。,集成电路设计、开发、销售与技术服务；高亮度发光二极管（LED）衬底材料开发、生产、销售；生产和销售压电石英晶体器件；经营本企业自产产品及技术的出口业务；经营本企业生产、科研所需的原辅材料、仪器仪表、机械设备、零配件及技术的进口业务（国家限定公司经营和禁止进出口的商品除外）；经营进料加工和“三来一补”业务。
cn_002594,比亚迪,C36,制造业,汽车制造业,深圳,比亚迪股份有限公司,2011/6/30 0:00,广东,深圳市,王传福,广东省深圳市大鹏新区葵涌街道延安路一号,www.byd.com,db@byd.com,0755-89888888,二次充电电池业务、手机部件及组装业务，以及包含传统燃油汽车及新能源汽车在内的汽车业务,锂离子电池以及其他电池、充电器、电子产品、仪器仪表、柔性线路板、五金制品、液晶显示器、手机零配件、模具、塑胶制品及其相关附件的生产、销售；3D眼镜、GPS导航产品的研发、生产及销售；货物及技术进出口（不含分销、国家专营专控商品）；作为比亚迪汽车有限公司比亚迪品牌乘用车、电动车的总经销商，从事上述品牌的乘用车、电动车及其零部件的营销、批发和出口，提供售后服务；电池管理系统、换流柜、逆变柜/器、汇流箱、开关柜、储能机组的销售；汽车电子装置研发、销售；新能源汽车关键零部件研发以及上述零部件的关键零件、部件的研发、销售；轨道交通运输设备（含轨道交通车辆、工程机械、各类机电设备、电子设备及零部件、电子电气件、轨道交通信号系统、通信及综合监控系统与设备）的研发、设计、销售、租赁与售后服务（不涉及国营贸易管理商品，涉及配额、许可证管理及其他专项管理的商品，按国家有关规定办理申请）；轨道梁柱的研发、设计、销售；自有物业租赁（物业位于大鹏新区葵涌街道延安路一号比亚迪工业园内及龙岗区龙岗街道宝龙工业城宝荷路3001号比亚迪工业园内）；广告设计、制作、代理及发布；信息与技术咨询、技术服务。
cn_600088,中视传媒,R86,文化、体育和娱乐业,广播、电视、电影和影视录音制作业,上海,中视传媒股份有限公司,1997/6/16 0:00,上海,上海市,唐世鼎,上海市中国(上海)自由贸易试验区福山路450号新天国际大厦17层A座,www.ctv-media.com.cn,irmanager@ctv-media.com.cn,021-68765168,为剧组提供拍摄场地及服务、并对中外旅客提供旅游服务；设计，制作，发布，代理各类广告业务，文化经纪。,影视拍摄基地开发、经营，影视拍摄（摄制电影［单片］），电视剧节目制作、销售经营，影视设备租赁、高清晰度影视技术、宽带数字信息技术、网络系统集成技术的开发及相关的信息服务，设计、制作、发布、代理各类广告业务，文化（含演出）经纪，房地产开发，科学技术服务，室内外装饰，物业管理，实业投资、投资咨询，综合文艺表演，百货、工艺美术品（黄金制品除外）的销售，国内贸易（除专项规定），摄影服务，以下限分支机构经营：市内水上旅游客运（三国城、水浒城水上景区），零售预包装食品，小型餐馆，住宿，卷烟、雪茄烟零售，停车场经营。【企业经营涉及行政许可的，凭许可证件经营】
cn_600029,南方航空,G56,交通运输、仓储和邮政业,航空运输业,上海,中国南方航空股份有限公司,2003/7/25 0:00,广东,广州市,马须伦,广东省广州市黄埔区玉岩路12号冠昊科技园区一期办公楼3楼301室,www.csair.com,ir@csair.com,020-86123303,提供国内、香港地区及国际航空客运、货运及邮运服务。,（1）提供国内、地区和国际定期及不定期航空客、货、邮、行李运输服务；（2）提供通用航空服务；（3）提供航空器维修服务；（4）经营国内外航空公司的代理业务；（5）提供航空配餐服务；（6）进行其他航空业务及相关业务（限保险兼业代理业务：人身意外伤害险）；（7）航空地面延伸服务；（8）航空培训；（9）资产租赁；（10）工程管理与技术咨询；（11）航材销售；（12）旅游代理服务；（13）商品零售批发（以上各项最终以公司登记机关核定为准）。
cn_603288,海天味业,C14,制造业,食品制造业,上海,佛山市海天调味食品股份有限公司,2014/2/11 0:00,广东,佛山市,庞康,广东省佛山市文沙路16号,www.haitian-food.com,OBD@haday.cn,0757-82836083,调味品的生产和销售。,生产经营调味品、豆制品、食品、饮料、包装材料；农副产品的加工；其他电信服务；货物或技术进出口；信息咨询服务；批发兼零售预包装食品。
cn_600905,三峡能源,D44,电力、热力、燃气及水生产和供应业,电力、热力生产和供应业,上海,中国三峡新能源(集团)股份有限公司,2021/6/10 0:00,北京,北京市,王武斌,北京市通州区贡院街1号院1号楼二层206-23室,www.ctgne.com,ctgr_ir@ctg.com.cn,010-58689199,风能、太阳能的开发、投资和运营。,风能、太阳能的开发、投资；清洁能源、水利、水电、电力、供水、清淤、滩涂围垦、环境工程、种植业、养殖业、旅游业的投资；投资咨询；资产托管、投资顾问；机械成套设备及配件的制造、销售；承包境内水利电力工程和国际招标工程；与上述业务相关的技术、信息咨询服务。（“1、未经有关部门批准，不得以公开方式募集资金；2、不得公开开展证券类产品和金融衍生品交易活动；3、不得发放贷款；4、不得对所投资企业以外的其他企业提供担保；5、不得向投资者承诺投资本金不受损失或者承诺最低收益”；企业依法自主选择经营项目，开展经营活动；依法须经批准的项目，经相关部门批准后依批准的内容开展经营活动；不得从事本市产业政策禁止和限制类项目的经营活动。）
cn_000425,徐工机械,C35,制造业,专用设备制造业,深圳,徐工集团工程机械股份有限公司,1996/8/28 0:00,江苏,徐州市,王民,江苏省徐州市经济技术开发区驮蓝山路26号,www.xcmg.com,zqb@xcmg.com,0516-87739667,工程机械、建筑工程机械及其配件。,工程机械及成套设备、专用汽车、建筑工程机械、物料搬运设备及配件、矿山机械、环卫机械、商用车、载货汽车、工程机械发动机、通用基础零部件、仪器、仪表、衡器制造、加工、销售、维修；环保工程施工；二手机械再制造、收购、销售、租赁。（具体经营范围以登记机关核准为准）
cn_603019,中科曙光,C39,制造业,计算机、通信和其他电子设备制造业,上海,曙光信息产业股份有限公司,2014/11/6 0:00,天津,天津市,历军,天津市华苑产业区（环外）海泰华科大街15号1-3层,www.sugon.com,investor@sugon.com,010-56308016,以IT核心设备研发、生产制造为基础，对外提供高端计算机、存储产品及云计算、大数据综合服务。,电子信息、软件技术开发、咨询、服务、转让、培训；计算机及外围设备、软件制造、批发兼零售；计算机系统集成；物业管理；货物及技术进出口；设备出租、场地出租；计算机及外围设备维修、租赁；建筑安装业；通信设备研发、生产、批发兼零售（以上经营范围涉及行业许可的凭许可证件，在有效期内经营，国家有专项专营规定的按规定办理）
cn_002142,宁波银行,J66,金融业,货币金融服务,深圳,宁波银行股份有限公司,2007/7/19 0:00,浙江,宁波市,陆华裕,浙江省宁波市鄞州区宁东路345号,www.nbcb.com.cn,dsh@nbcb.cn,0574-87050028,存款，贷款，办理国内结算，办理票据贴现，发行金融债券，代理发行、兑付债券，代理收付款、保险业务，保管箱服务。,（一）吸收公众存款；（二）发放短期、中期和长期贷款；（三）办理国内外结算；（四）办理票据承兑与贴现；（五）发行金融债券；（六）代理发行、代理兑付、承销政府债券；（七）买卖政府债券、金融债券；（八）从事同业拆借；（九）从事银行卡业务；（十）提供信用证服务及担保；（十一）代理收付款项及代理保险业务；（十二）提供保管箱服务；（十三）经中国银行业监督管理机构、中国人民银行和国家外汇管理机关批准的其他业务。
cn_600276,恒瑞医药,C27,制造业,医药制造业,上海,江苏恒瑞医药股份有限公司,2000/10/18 0:00,江苏,连云港市,孙飘扬,江苏省连云港市经济技术开发区黄河路38号,www.hrs.com.cn,ir@hengrui.com,0518-85469805,片剂、针剂、胶囊、粉针等制剂的开发、制造和销售。,片剂（含抗肿瘤药）、口服溶液剂、混悬剂、原料药、精神药品、软胶囊剂（含抗肿瘤药）、冻干粉针剂（含抗肿瘤药）、粉针剂（抗肿瘤药、头孢菌素类）、吸入粉雾剂、口服混悬剂、口服乳剂、大容量注射剂（含多层共挤输液袋、含抗肿瘤药）、小容量注射剂（含抗肿瘤药、含非最终灭菌），生物工程制品（聚乙二醇重组人粒细胞刺激因子注射液）、硬胶囊剂（含抗肿瘤药）、颗粒剂（抗肿瘤药）、粉雾剂、膜剂、凝胶剂、乳膏剂的制造；中药前处理及提取；医疗器械的研发、制造与销售；一般化工产品的销售；自营和代理各类商品及技术的进出口业务，但国家限定公司经营或禁止进出口的商品和技术除外。
cn_688981,中芯国际,C39,制造业,计算机、通信和其他电子设备制造业,上海,中芯国际集成电路制造有限公司,2020/7/16 0:00,上海,上海市,周子学,Cricket Square  Hutchins Drive P.O. Box 2681 Grand Cayman KY1-1111 Cayman Islands,www.smics.com,ir@smics.com,021-38610000,为客户提供0.35微米至14纳米多种技术节点、不同工艺平台的集成电路晶圆代工及配套服务。,123456
cn_688003,天准科技,C35,制造业,专用设备制造业,上海,苏州天准科技股份有限公司,2019/7/22 0:00,江苏,苏州市,徐一华,江苏省苏州高新区浔阳江路70号,www.tztek.com,ir@tztek.com,0512-62399021,以机器视觉为核心技术，专注服务于工业领域客户，主要产品为工业视觉装备。,研发、生产、销售：测量和检测设备、测量和检测系统、机器人与自动化装备、自动化立体仓库及仓储物流设备、大型自动化系统、激光技术及装备、光电传感器、计算机软硬件产品、信息技术与网络系统、光学产品、电子产品、机械产品，并提供以上产品的技术服务、技术咨询、租赁、附属产品的出售，自营和代理各类商品及技术的进出口业务。（依法须经批准的项目，经相关部门批准后方可开展经营活动）。
cn_600031,三一重工,C35,制造业,专用设备制造业,上海,三一重工股份有限公司,2003/7/3 0:00,北京,北京市,梁稳根,北京市昌平区北清路8号6栋5楼,www.sanyhi.com,sanyir@sany.com.cn,010-60737888、0731-84031555,工程机械产品及配件的开发、生产和销售。,生产建筑工程机械、起重机械、停车库、通用设备及机电设备（其中特种设备制造须凭本企业行政许可）、金属制品、橡胶制品、电子产品、钢丝增强液压橡胶软管和软管组合件、客车（不含小轿车）和改装车；建筑工程机械、起重机械、停车库、通用设备及机电设备的销售与维修；金属制品、橡胶制品及电子产品、钢丝增强液压橡胶软管和软管组合件的销售；客车（不含小轿车）和改装车的销售（凭审批机关许可文件经营）；五金及法律法规允许的矿产品、金属材料的销售；农业机械销售；提供建筑工程机械租赁服务；经营商品和技术的进出口业务（国家法律法规禁止和限制的除外）；农业机械制造（限外埠生产）。（市场主体依法自主选择经营项目，开展经营活动；依法须经批准的项目，经相关部门批准后依批准的内容开展经营活动；不得从事国家和本市产业政策禁止和限制类项目的经营活动。）
cn_300015,爱尔眼科,Q83,卫生和社会工作,卫生,深圳,爱尔眼科医院集团股份有限公司,2009/10/30 0:00,湖南,长沙市,陈邦,湖南省长沙市天心区芙蓉中路二段198号新世纪大厦3楼,www.aierchina.com,zhengquanbu@yeah.net,0731-82570739,向患者提供各种眼科疾病的诊断、治疗及医学验光配镜等眼科医疗服务。,眼科医院的投资和医院经营管理服务（不得从事吸收存款、集资收款、受托贷款、发行票据、发放贷款等国家金融监管及财政信用业务）；眼科医疗技术的研究，远程医疗软件的研发、生产、销售；眼科、内科、麻醉科、检验科、影视像科、验光配镜；三类医疗器械销售。（依法须经批准的项目，经相关部门批准后方可开展经营活动）
cn_603259,药明康德,M73,科学研究和技术服务业,研究和试验发展,上海,无锡药明康德新药开发股份有限公司,2018/5/8 0:00,江苏,无锡市,Ge Li,江苏省无锡市滨湖区马山五号桥,www.wuxiapptec.com.cn,ir@wuxiapptec.com,021-20663091,小分子化学药的发现、研发及生产全方位、一体化平台服务。,开发研究及报批新药，医药中间体和精细化工产品（不含危险化学品）的研发；医药科技、生物技术、组合化学、有机化学、医疗科技、检测技术、计算机科技的技术开发、技术转让、技术服务和技术咨询；一类医疗器械、药品的批发，机械设备及零配件的销售；自营和代理各类商品及技术的进出口业务（国家限定企业经营或禁止进出口的商品和技术除外）；企业管理咨询、医药信息咨询、健康咨询（不含诊疗活动、心理咨询）；房屋租赁；会议及展览服务；利用自有资金对外投资。（依法须经批准的项目，经相关部门批准后方可开展经营活动）
cn_603105,芯能科技,C38,制造业,电气机械和器材制造业,上海,浙江芯能光伏科技股份有限公司,2018/7/9 0:00,浙江,嘉兴市,张利忠,浙江省海宁市皮都路9号,www.sunorensolar.com,xnkj@sunorensolar.com,0573-87393016,分布式光伏解决方案提供、自持分布式光伏电站运营以及光伏产品制造。,许可项目：发电、输电、供电业务；电力设施承装、承修、承试；货物进出口（依法须经批准的项目，经相关部门批准后方可开展经营活动，具体经营项目以审批结果为准）。一般项目：太阳能发电技术服务；技术服务、技术开发、技术咨询、技术交流、技术转让、技术推广；光伏设备及元器件制造；光伏设备及元器件销售；电子专用材料制造；电子专用材料销售；合同能源管理；软件开发；机动车充电销售；充电桩销售；集中式快速充电站；电动汽车充电基础设施运营；智能输配电及控制设备销售；新能源汽车换电设施销售；新能源汽车电附件销售；电池销售；资源再生利用技术研发；配电开关控制设备研发；智能控制系统集成（除依法须经批准的项目，凭营业执照依法自主开展经营活动）。
cn_000002,万科Ａ,K70,房地产业,房地产业,深圳,万科企业股份有限公司,1991/1/29 0:00,广东,深圳市,郁亮,广东省深圳市盐田区大梅沙环梅路33号万科中心,www.vanke.com,IR@vanke.com,0755-25606666,房地产、贸易及零售等。,房地产开发；兴办实业（具体项目另行申报）；国内商业、物资供销业（不含专营、专控、专卖商品）；进出口业务（按深经发审证字第113号外贸企业审定证书规定办理）。
cn_002218,拓日新能,C38,制造业,电气机械和器材制造业,深圳,深圳市拓日新能源科技股份有限公司,2008/2/28 0:00,广东,深圳市,陈五奎,广东省深圳市南山区侨城北路香年广场【南区】主楼(A座）栋一座8层802-804号房,www.topraysolar.com、www.topraysolar.cn,gongyanping@topraysolar.com,0755-86612658,研发、生产及销售太阳电池芯片、太阳电池组件、太阳能供电电源、太阳能应用产品。,研发、生产及销售太阳电池芯片、太阳电池组件、太阳能供电电源、太阳能应用产品、太阳能集热板及热水器系统、风力发电设备、太阳电池生产线设备、太阳能控制器、太阳能逆变器、太阳能应用产品控制软件；设计、安装及销售太阳能热水器工程、风力发电工程、太阳能电站工程、运维及相关技术服务；经营进出口业务；房屋租赁业务；物业管理业务。
cn_601012,隆基股份,C38,制造业,电气机械和器材制造业,上海,隆基绿能科技股份有限公司,2012/4/11 0:00,陕西,西安市,李振国,陕西省西安市长安区航天中路388号,www.longigroup.com,longi-board@longigroup.com,029-81566863、029-86519912,单晶硅棒、硅片的研发、生产、销售,半导体材料、太阳能电池与组件、电子元器件、半导体设备的开发、制造和销售；商品进出口业务；光伏电站项目的开发及工程总承包；光伏电站系统运行维护；LED照明灯具、储能节能产品的销售、技术服务、售后服务；合同能源管理。（以上经营范围国家法律法规规定的专控及前置许可项目除外，国家法律法规另有规定的，从其规定）
cn_600036,招商银行,J66,金融业,货币金融服务,上海,招商银行股份有限公司,2002/4/9 0:00,广东,深圳市,缪建民,广东省深圳市福田区深南大道7088号,www.cmbchina.com,cmb@cmbchina.com,0755-83198888,经营吸收公众存款；发放短期、中期和长期贷款；办理国内外结算；办理票据贴现；发行金融债券等。,吸收公众存款；发放短期、中期和长期贷款；办理结算；办理票据贴现；发行金融债券；代理发行、代理兑付、承销政府债券；买卖政府债券；同业拆借；提供信用证服务及担保；代理收付款项及代理保险业务；提供保管箱服务。外汇存款；外汇贷款；外汇汇款；外币兑换；国际结算；结汇、售汇；同业外汇拆借；外汇票据的承兑和贴现；外汇借款；外汇担保；买卖和代理买卖股票以外的外币有价证券；发行和代理发行股票以外的外币有价证券；自营和代客外汇买卖；资信调查、咨询、见证业务；离岸金融业务。经国务院银行业监督管理机构批准的其他业务。
cn_600309,万华化学,C26,制造业,化学原料和化学制品制造业,上海,万华化学集团股份有限公司,2001/1/5 0:00,山东,烟台市,廖增太,山东省烟台市开发区天山路17号,www.whchem.com,stocks@whchem.com,0535-3388000、3031588,聚氨酯及助剂、异氰酸酯及衍生产品的开发、生产、销售铁路专线运输、货物装卸、仓储和仓库租赁。,安全生产许可证范围内危险化学品的生产；食品添加剂的研发、生产和销售；许可证范围内铁路专用线经营；丙烷、正丁烷的带有存储设施的经营、仓储经营（以上经营项目有效期限以许可证为准）；聚氨酯及助剂、异氰酸酯及衍生产品的开发、技术服务及相关技术人员培训；批准范围内的自营进出口业务；化工产品（仅限化工园区内经营）（不含危险化学品）的研发、生产、销售及技术服务咨询。（依法须经批准的项目，经相关部门批准后方可开展经营活动）。
cn_603899,晨光文具,C24,制造业,文教、工美、体育和娱乐用品制造业,上海,上海晨光文具股份有限公司,2015/1/27 0:00,上海,上海市,陈湖文,上海市奉贤区金钱公路3469号3号楼,www.mg-pen.com,ir@mg-pen.com,021-57475621,晨光品牌书写工具、学生文具、办公文具等产品的设计、研发、制造和销售。,许可项目：食品经营；包装装潢印刷品印刷；文件、资料等其他印刷品印刷；出版物经营。（依法须经批准的项目，经相关部门批准后方可开展经营活动，具体经营项目以相关部门批准文件或许可证件为准）一般项目：文具用品制造及销售，数码产品、安防设备、仪器仪表、劳防用品、家具、装饰品、化妆品、饰品、办公用品、工艺礼品（象牙及其制品除外）、橡塑制品、电子产品、家用电器、玩具、模具、五金交电、通讯器材、计算机软件及辅助设备、日用百货、纺织品、服装鞋帽、家居用品、体育用品及器材、消毒剂（不含危险化学品）、厨具卫具及日用杂品、日用化学产品、第一类医疗器械、第二类医疗器械、机械设备、办公设备及耗材、照相器材、音响设备、装饰材料、消防器材、酒店用品、玻璃制品、电力电子元器件、润滑油、水暖管道及配件、陶瓷管道及配件、汽车用品、卫生用品、母婴用品批发、零售，从事货物及技术的进出口业务，电子商务，企业管理咨询。（除依法须经批准的项目外，凭营业执照依法自主开展经营活动）
cn_002032,苏泊尔,C33,制造业,金属制品业,深圳,浙江苏泊尔股份有限公司,2004/8/17 0:00,浙江,台州市,Thierry de La Tour d’Artaise,浙江省玉环市大麦屿经济开发区,www.supor.com.cn,002032@supor.com,0571-86858778,设计、生产、销售各种压力锅、铝制品炊具及小家电等，主要产品为压力锅、奶锅、汤锅、炒锅、蒸锅、真空保鲜锅、电水壶、电磁炉、电火锅、电饭煲、榨汁机等。,厨房用具、不锈钢制品、日用五金、小型家电及炊具的制造、销售；经营进出口业务（范围详见《中华人民共和国进出口企业资格证书》；技术开发；电器的安装维修服务。
cn_601668,中国建筑,E48,建筑业,土木工程建筑业,上海,中国建筑股份有限公司,2009/7/29 0:00,北京,北京市,周乃翔,北京市海淀区三里河路15号,www.cscec.com,ir@cscec.com,86-10-86498114,房屋建筑工程、房地产开发与投资、国际工程承包、基础设施建设与投资及设计勘察业务。,一般经营项目：承担国内外公用、民用房屋建筑工程的施工、安装、咨询；基础设施项目的投资与承建；国内外房地产投资与开发；建筑与基础设施建设的勘察与设计；装饰工程、园林工程的设计与施工；实业投资；承包境内外资工程；进出口业务；建筑材料及其他非金属矿物制品、建筑用金属制品、工具、建筑工程机械和钻探机械的生产与销售。
cn_000661,长春高新,C27,制造业,医药制造业,深圳,长春高新技术产业(集团)股份有限公司,1996/12/18 0:00,吉林,长春市,马骥,吉林省长春市同志街2400号火炬大厦5层,www.ccht.jl.cn,000661@ccht.jl.cn,0431-85666367,生物制药、中成药生产及房地产开发。,高新技术产品的开发、生产、销售及服务基础设施的开发建设、新药开发、技术转让、咨询服务；物业管理；高新成果转让及中介服务；商业供销业（国家有专项限制经营的商品除外）；餐饮、娱乐、旅馆（办时需许可）；培训；集中供热；产业投资（医药产业）（以上各项仅限分公司、子公司持证经营）。绿化景观工程设计、施工及维护、企业营销策划、广告策划、社会经济信息咨询、房地产中介服务、房屋销售代理（仅限分支机构持证经营）；企业管理咨询（以上各项国家法律法规禁止的不得经营；应经专项审批的项目未获得批准之前不得经营）
cn_000333,美的集团,C38,制造业,电气机械和器材制造业,深圳,美的集团股份有限公司,2013/9/18 0:00,广东,佛山市,方洪波,广东省佛山市顺德区北蛘蛎赖拇蟮6号美的总部大楼B区26-28楼,www.midea.com,IR@midea.com,0757-26338888,以家电产业为主，涉足电机、物流等领域，旗下分为四大业务板块，分别为大家电、小家电、电机及物流。,生产经营家用电器、电机及其零部件；中央空调、采暖设备、通风设备、热泵设备、照明设备、燃气设备、压缩机及相关通用设备、专用设备、家用空调设备及其零部件的研发、制造、销售、安装、维修及售后服务；从事家用电器、家电原材料及零配件的进出口、批发及加工业务（不设店铺，不涉及国营贸易管理商品，涉及配额、许可证管理商品的按国家规定办理）；信息技术服务；为企业提供投资顾问及管理服务；计算机软件、硬件开发；家电产品的安装、维修及售后服务；工业产品设计；酒店管理；广告代理；物业管理；企业所需的工程和技术研究、开发及其销售和推广；对金融业进行投资。（经营范围涉及行政许可的项目须凭有效许可证或批准证明经营）
cn_600028,中国石化,B07,采矿业,石油和天然气开采业,上海,中国石油化工股份有限公司,2001/8/8 0:00,北京,北京市,张玉卓,北京市朝阳区朝阳门北大街22号,www.sinopec.com.cn,ir@sinopec.com,010-59969999,非煤矿山（石油、天然气等）、危险化学品（乙烯、丙烯、丁二烯、石脑油等）、重油、橡胶及其他石油化工原料和产品的生产、储存、销售等。,非煤矿山（石油、天然气等）、危险化学品（乙烯、丙烯、丁二烯、石脑油等）、重油、橡胶及其他石油化工原料和产品的生产、储存、管道运输、陆路运输、水路运输、销售；石油炼制；汽油、煤油、柴油的批发业务及零售（限分支机构经营）业务；天然气化工、煤化工的生产、储存、运输、销售；润滑油、燃料油、溶剂油、沥青的销售；化肥生产；加气站经营，压缩天然气(CNG)、液化天然气（LNG）、液化石油气（LPG）、城市燃气销售；加电站经营；石油石化机器、设备的制造、监造、安装；石油钻采设备、工具、仪器仪表制造；石油石化原辅材料、设备及零部件的采购、销售；技术及信息、替代能源产品的研究、开发、应用、咨询服务；电力、蒸汽、水务和工业气体的生产销售；农、林、牧产品批发；日用百货便利店经营；针织服装及家庭用品批发与零售；文化、体育用品及器材专门批发与零售；食品、饮料、烟草制品的销售；医药及医疗器材批发与零售；汽车、摩托车及零配件专门零售；汽车、摩托车修理与维护、技术培训；机械设备、五金产品、电子产品、家用电器批发与零售；家具及室内装饰材料专门零售；货摊、无店铺及其他零售业；综合零售；住宿餐饮业；食品及食品添加剂制造；居民服务；运输代理业务；仓储业；自有房地产经营活动；储气库设施租赁；房屋、车辆、设备、场地租赁；机械设备租赁；媒体、广告，佣金代理；保险经纪与代理服务；金融信托与管理服务；电子商务；自营和代理各类商品和技术的进出口（国家限定公司经营或禁止进出口的商品和技术除外）；承包境外机电、石化行业工程和境内国际招标工程；上述境外工程所需的设备材料出口；对外派遣实施上述境外工程所需的劳务人员。铁路运输；沿海工程辅助作业，港口经营，溢油应急、安全守护、船舶污染清除作业；专业技术服务业中质检技术服务、环境与生态监测检测服务；食用盐生产、批发、零售；页岩气、煤层气、页岩油、可燃冰等资源勘探、开发、储运、管道运输、销售；天然气发电、电力供应；电力设施安装维护，电力技术开发与服务。
cn_600019,宝钢股份,C31,制造业,黑色金属冶炼和压延加工业,上海,宝山钢铁股份有限公司,2000/12/12 0:00,上海,上海市,邹继新,上海市宝山区富锦路885号宝钢指挥中心,www.baosteel.com,ir@baosteel.com,021-26647000,钢铁冶炼、加工，电力、煤炭、工业气体生产等。,钢铁冶炼、加工，电力、煤炭、工业气体生产、码头、仓储、运输等与钢铁相关的业务，技术开发、技术转让、技术服务和技术管理咨询服务，汽车修理，商品和技术的进出口，[有色金属冶炼及压延加工，工业炉窑，金属矿石、煤炭、钢铁、非金属矿石装卸、港区服务，水路货运代理，水路货物装卸联运，船舶代理，国外承包工程劳务合作，国际招标，工程招标代理，国内贸易，对销、转口贸易，废钢，煤炭，燃料油，化学危险品（限批发）]（限分支机构经营）、机动车安检，化工原料及产品的生产和销售。
cn_601166,兴业银行,J66,金融业,货币金融服务,上海,兴业银行股份有限公司,2007/2/5 0:00,福建,福州市,吕家进,福建省福州市湖东路154号,www.cib.com.cn,irm@cib.com.cn,0591-87871169,公司业务、同业业务、资金业务、零售业务四大类，电子银行为上述各类业务发展提供了重要渠道。,（一）吸收公众存款；（二）发放短期、中期和长期贷款；（三）办理国内外结算；（四）办理票据承兑与贴现；（五）发行金融债券；（六）代理发行、代理兑付、承销政府债券；（七）买卖政府债券、金融债券；（八）代理发行股票以外的有价证券；（九）买卖、代理买卖股票以外的有价证券；（十）资产托管业务；（十一）从事同业拆借；（十二）买卖、代理买卖外汇；（十三）结汇、售汇业务；（十四）从事银行卡业务；（十五）提供信用证服务及担保；（十六）代理收付款项及代理保险业务；（十七）提供保管箱服务；（十八）财务顾问、资信调查、咨询、见证业务；（十九）经国务院银行业监督管理机构批准的其他业务。
cn_600030,中信证券,J67,金融业,资本市场服务,上海,中信证券股份有限公司,2003/1/6 0:00,广东,深圳市,张佑君,广东省深圳市福田区中心三路8号卓越时代广场(二期)北座,www.citics.com,ir@citics.com,0755-23835888,主要从事证券承销和上市推荐证券自营买卖资产管理和证券代理买卖等业务。,证券经纪（限山东省、河南省、浙江省天台县、浙江省苍南县以外区域）；证券投资咨询；与证券交易、证券投资活动有关的财务顾问；证券承销与保荐；证券自营；证券资产管理；融资融券；证券投资基金代销；为期货公司提供中间介绍业务；代销金融产品；股票期权做市。
cn_601398,工商银行,J66,金融业,货币金融服务,上海,中国工商银行股份有限公司,2006/10/27 0:00,北京,北京市,陈四清,北京市西城区复兴门内大街55号,www.icbc.com.cn、www.icbc-ltd.com,ir@icbc.com.cn,010-66108608,公司银行业务、个人银行业务、资金业务以及其他业务。,办理人民币存款、贷款；同业拆借业务；国内外结算；办理票据承兑、贴现、转贴现；各类汇兑业务；代理资金清算；提供信用证服务及担保；代理销售业务；代理发行、代理承销、代理兑付政府债券；代收代付业务；代理证券资金清算业务（银证转账）；代理保险业务；代理政策性银行、外国政府和国际金融机构贷款业务；保管箱服务；发行金融债券；买卖政府债券、金融债券；证券投资基金、企业年金托管业务；企业年金受托管理服务、年金账户管理服务；开放式基金的注册登记、认购、申购和赎回业务；资信调查、咨询、见证业务；贷款承诺；企业、个人财务顾问服务；组织或参加银团贷款；外汇存款；外汇贷款；外币兑换；出口托收及进口代收；外汇票据承兑和贴现；外汇借款；外汇担保；发行、代理发行、买卖或代理买卖股票以外的外币有价证券；自营、代客外汇买卖；外汇金融衍生业务；银行卡业务；电话银行、网上银行、手机银行业务；办理结汇、售汇业务；经国务院银行业监督管理机构核准的其他业务。
cn_002415,海康威视,C39,制造业,计算机、通信和其他电子设备制造业,深圳,杭州海康威视数字技术股份有限公司,2010/5/28 0:00,浙江,杭州市,陈宗年,浙江省杭州市滨江区阡陌路555号,www.hikvision.com,market@hikvision.com,0571-89710492,提供以视频为核心的智能物联网解决方案和大数据服务,电子产品（含防爆电气产品、通信设备及其辅助设备、多媒体设备、传输与显示设备等）、消防产品、大数据与物联网软硬件产品、飞行器、机器人、智能装备与智能化系统、实时通讯系统、汽车零部件及配件、车用电气信号设备装置、服务器及配套软硬件产品的研发、生产；销售自产产品；提供技术服务，电子技术咨询服务，培训服务（不含办班培训），电子设备安装，电子工程及智能系统工程的设计、施工及维护。（国家禁止和限制的项目除外，涉及许可证的凭证经营）（依法须经批准的项目，经相关部门批准后方可开展经营活动）
cn_000063,中兴通讯,C39,制造业,计算机、通信和其他电子设备制造业,深圳,中兴通讯股份有限公司,1997/11/18 0:00,广东,深圳市,李自学,广东省深圳市南山区高新技术产业园科技南路中兴通讯大厦,www.zte.com.cn,IR@zte.com.cn,0755-26770282,信息产业、通讯及电子设备、计算机系统的硬件、软件等。,生产程控交换系统、多媒体通讯系统、通讯传输系统；研制、生产移动通信系统设备、卫星通讯、微波通讯设备、寻呼机，计算机软硬件、闭路电视、微波通信、信号自动控制、计算机信息处理、过程监控系统、防灾报警系统、新能源发电及应用系统等项目的技术设计、开发、咨询、服务；铁路、地下铁路、城市轨道交通、公路、厂矿、港口码头、机场的有线无线通信等项目的技术设计、开发、咨询、服务（不含限制项目）；通信电源及配电系统的研发、生产、销售、技术服务、工程安装、维护；数据中心基础设施及配套产品（含供配电、空调制冷设备、冷通道、智能化管理系统等）的研发、生产、销售、技术服务、工程安装、维护；电子设备、微电子器件的购销（不含专营、专控、专卖商品）；承包境外及相关工程和境内国际招标工程，上述境外工程所需的设备，材料进出口，对外派遣实施上述境外工程的劳务人员；电子系统设备的技术开发和购销（不含限制项目及专营、专控、专卖商品）；经营进出口业务（按贸发局核发的资格证执行）；电信工程专业承包（待取得资质证书后方可经营）；自有房屋租赁。公司可根据国内外市场的变化、业务发展和自身能力，经股东大会和有关政府部门批准后，依法变更经营范围和调整经营方式。
cn_300122,智飞生物,C27,制造业,医药制造业,深圳,重庆智飞生物制品股份有限公司,2010/9/28 0:00,重庆,重庆市,蒋仁生,重庆市江北区金源路7号25-1至25-8,www.zhifeishengwu.com,office1@zhifeishengwu.com,023-86358226,疫苗、生物制品的研发、生产和销售。,批发生物制品；境外疫苗代理进口及销售；生物技术研究开发、技术咨询服务；货物及技术进出口；仓储服务（不含危险品）；生物制品市场推广宣传服务；普通货运、货物专用运输（冷藏保鲜）、国内货物运输代理。
cn_688363,华熙生物,C27,制造业,医药制造业,上海,华熙生物科技股份有限公司,2019/11/6 0:00,山东,济南市,赵燕,山东省济南市高新技术开发区天辰大街678号,www.bloomagebiotech.com,ir@bloomagebiotech.com,0531-82685888,透明质酸原料及其他生物活性物质、医疗终端产品和功能性护肤品。,小容量注射剂、原料药、药用辅料、生物发酵原料、生物药品原料、透明质酸钠、食品原料、保健食品原料、保健食品、医疗器械产品、化妆品、食品、消毒卫生用品的开发、生产、销售；以及非公司自产精细化工原料、生物化工原料的进出口和批发。（依法须经批准的项目、经相关部门批准后方可开展经营活动）
cn_300896,爱美客,C35,制造业,专用设备制造业,深圳,爱美客技术发展股份有限公司,2020/9/28 0:00,北京,北京市,简军,北京市昌平区科技园区白浮泉路10号北控科技大厦4层416B室,www.imeik.net,ir@imeik.com,010-85809026,生物医用材料及生物医药的研发、生产和销售。,药品、生物制品、医疗器械、化妆品的技术开发、转让；新型药用辅料的开发、生产；货物进出口、技术进出口、代理进出口；企业管理咨询（不含中介服务）；销售（含网上销售）医疗器械、化妆品；批发、零售（含网上销售）食品；批发（含网上销售）药品。生产医疗器械III类：III-6846-1植入器材。（市场主体依法自主选择经营项目，开展经营活动；该公司2018年10月17日前为内资企业，于2018年10月17日变更为外商投资企业；批发、零售（含网上销售）食品、批发（含网上销售）药品以及依法须经批准的项目，经相关部门批准后依批准的内容开展经营活动；不得从事国家和本市产业政策禁止和限制类项目的经营活动。）
cn_603005,晶方科技,C39,制造业,计算机、通信和其他电子设备制造业,上海,苏州晶方半导体科技股份有限公司,2014/2/10 0:00,江苏,苏州市,王蔚,江苏省苏州工业园区汀兰巷29号,www.wlcsp.com,info@wlcsp.com,0512-67730001,集成电路的封装测试业务,许可经营项目：无。一般经营项目：研发、生产、制造、封装和测试集成电路产品，销售本公司所生产的产品并提供相关的服务。（依法须经批准的项目，经相关部门批准后方可开展经营活动）
cn_000538,云南白药,C27,制造业,医药制造业,深圳,云南白药集团股份有限公司,1993/12/15 0:00,云南,昆明市,王明辉,云南省昆明市呈贡区云南白药街3686号,www.yunnanbaiyao.com.cn,ynby@yunnanbaiyao.com.cn,0871-66324159,制造和销售以白药为主的各类药品。,化学原料药、化学药制剂、中成药、中药材、生物制品、医疗器械、保健食品、食品、饮料、特种劳动防护用品、非家用纺织成品、日化用品、化妆品、户外用品的研制、生产及销售；橡胶膏剂、贴膏剂、消毒产品、电子和数码产品的销售；信息技术、科技及经济技术咨询服务；货物进出口；物业经营管理（凭资质证开展经营活动）。
cn_600797,浙大网新,I65,信息传输、软件和信息技术服务业,软件和信息技术服务业,上海,浙大网新科技股份有限公司,1997/4/18 0:00,浙江,杭州市,史烈,浙江省杭州市西湖区三墩镇西园一路18号浙大网新软件园A楼1501室,www.insigma.com.cn,zdwx@insigma.com.cn,0571-87950500,提供从咨询规划到架构设计、软件开发、软硬件集成、业务流程外包、运营维护以及承揽大型工程总包,计算机及网络系统、电子商务、计算机系统集成与电子工程的研究开发、咨询服务及产品的制造与销售；网络教育的投资开发；生物制药的投资开发；高新技术产业投资开发。自营和代理进出口业务（除国家限定经营或禁止进出口的商品和技术外）;承接环境保护工程；承包与其实力、规模、业绩相适应的国外工程项目；对外派遣实施上述境外工程所需的劳务人员；不动产经营租赁服务；建筑智能化工程、机电工程的设计、承包、安装与服务。
cn_600588,用友网络,I65,信息传输、软件和信息技术服务业,软件和信息技术服务业,上海,用友网络科技股份有限公司,2001/5/18 0:00,北京,北京市,王文京,北京市海淀区北清路68号,www.yonyou.com,ir@yonyou.com,010-62436637,云服务业务、软件业务,零售图书；第一类增值电信业务中的因特网数据中心业务；第二类增值电信业务中的呼叫中心业务、因特网接入服务业务、信息服务业务（不含固定网电话信息服务和互联网信息服务）（增值电信业务经营许可证有效期至2020年07月07日）；互联网信息服务（不含新闻、出版、教育、医疗保健、药品和医疗器械，含电子公告服务）（电信与信息服务业务许可证有效期至2020年04月16日）；电子计算机软件、硬件及外部设备的技术开发、技术咨询、技术转让、技术服务、技术培训；销售打印纸和计算机耗材；物业管理；企业管理咨询；数据库服务；销售电子计算机软硬件及外部设备；设计、制作、代理、发布广告；自营和代理各类商品和技术的进出口，但国家限定公司经营或禁止进出口的商品和技术除外；出租办公用房。（企业依法自主选择经营项目，开展经营活动；第一类增值电信业务中的因特网数据中心业务；第二类增值电信业务中的呼叫中心业务、因特网接入服务业务和信息服务业务（不含固定网电话信息服务和互联网信息服务）、互联网信息服务（不含新闻、出版、教育、医疗保健、药品和医疗器械，含电子公告服务）以及依法须经批准的项目，经相关部门批准后依批准的内容开展经营活动；不得从事本市产业政策禁止和限制类项目的经营活动。）（公司经营范围以工商行政管理机关核准的经营范围为准。）
cn_300454,深信服,I65,信息传输、软件和信息技术服务业,软件和信息技术服务业,深圳,深信服科技股份有限公司,2018/5/16 0:00,广东,深圳市,何朝曦,广东省深圳市南山区学苑大道1001号南山智园A1栋一层,www.sangfor.com.cn,ir@sangfor.com.cn,0755-26581945,信息安全,许可经营项目：计算机软硬件的研发、生产、销售及相关技术服务；网络产品的研发、生产、销售及相关技术服务；计算机信息系统集成以及相关技术咨询（以上均不含专营、专控、专卖商品及限制项目）；货物及技术的出口（不含分销）；第一类增值电信业务；第二类增值电信业务。（依法须经批准的项目，经相关部门批准后方可开展经营活动，具体经营项目以相关部门批准文件或许可证件为准）
cn_601360,三六零,I64,信息传输、软件和信息技术服务业,互联网和相关服务,上海,三六零安全科技股份有限公司,2012/1/16 0:00,天津,天津市,周鸿t,天津市华苑产业区海泰西路18号北2-501工业孵化-1,www.360.cn,q-zhengquan@360.cn,010-56821816,互联网安全技术的研发、互联网安全产品的设计、研发、推广，以及基于互联网安全产品的互联网广告及服务、互联网增值服务、智能硬件业务等商业化服务。,一般项目：互联网安全服务；互联网设备销售；互联网数据服务；工业互联网数据服务；广告设计、代理；软件开发；信息咨询服务（不含许可类信息咨询服务）；计算机软硬件及辅助设备零售；计算机软硬件及辅助设备批发；广告制作；广告发布（非广播电台、电视台、报刊出版单位）；会议及展览服务；非居住房地产租赁；自有资金投资的资产管理服务；以自有资金从事投资活动；大数据服务；技术服务、技术开发、技术咨询、技术交流、技术转让、技术推广。（除依法须经批准的项目外，凭营业执照依法自主开展经营活动）。许可项目：互联网信息服务；第一类增值电信业务；基础电信业务；第二类增值电信业务；网络文化经营；技术进出口；货物进出口。（依法须经批准的项目，经相关部门批准后方可开展经营活动，具体经营项目以相关部门批准文件或许可证件为准）
cn_300782,卓胜微,C39,制造业,计算机、通信和其他电子设备制造业,深圳,江苏卓胜微电子股份有限公司,2019/6/18 0:00,江苏,无锡市,许志翰,江苏省无锡市滨湖区建筑西路777号A3幢11层,www.maxscend.com,info@maxscend.com,0510-85185388,射频前端芯片的研究、开发与销售。,集成电路生产；集成电路、软件的技术研发、技术服务、技术转让及批发、进出口业务（以上商品不涉及国营贸易管理商品、涉及配额、许可证管理商品的，按国家有关规定办理申请）（依法须经批准的项目，经相关部门批准后方可开展经营活动）
cn_600745,闻泰科技,C39,制造业,计算机、通信和其他电子设备制造业,上海,闻泰科技股份有限公司,1996/8/28 0:00,湖北,黄石市,张学政,湖北省黄石市开发区・铁山区汪仁镇新城路东18号,www.wingtech.com,600745mail@wingtech.com,0573-82582899,对房地产、纺织、化工、电子及通信设备行业进行投资经营。,一般项目：智能机器人的研发；数字文化创意软件开发；电子专用材料研发；技术服务、技术开发、技术咨询、技术交流、技术转让、技术推广；人工智能基础软件开发；人工智能应用软件开发；软件开发；可穿戴智能设备制造；网络设备制造；通信设备制造；移动通信设备制造；移动终端设备制造；显示器件制造；智能家庭消费设备制造；数字家庭产品制造；智能车载设备制造；计算机软硬件及外围设备制造；电子元器件制造；电子专用材料制造；物业管理；酒店管理；电子产品销售；网络设备销售；智能家庭消费设备销售；软件销售；智能无人飞行器销售；智能车载设备销售；计算机软硬件及辅助设备批发；计算机软硬件及辅助设备零售；物联网设备销售；可穿戴智能设备销售；针纺织品及原料销售；服装服饰批发；服装服饰零售；金属材料销售；建筑材料销售；电子专用材料销售；化工产品销售（不含许可类化工产品）；电子元器件批发；电子元器件零售（除依法须经批准的项目外，凭营业执照依法自主开展经营活动）许可项目：货物进出口（依法须经批准的项目，经相关部门批准后方可开展经营活动，具体经营项目以相关部门批准文件或许可证件为准）
cn_002027,分众传媒,L72,租赁和商务服务业,商务服务业,深圳,分众传媒信息技术股份有限公司,2004/8/4 0:00,广东,广州市,江南春,广东省广州市黄埔区中新广州知识城亿创街1号406房之117,www.focusmedia.cn,FM002027@focusmedia.cn,021-22165288,向客户提供媒体的开发和运营服务。,研制、开发多媒体网络信息系统软件；多媒体网络工程设计咨询、中介并提供相关的技术服务。
cn_300413,芒果超媒,R87,文化、体育和娱乐业,文化艺术业,深圳,芒果超媒股份有限公司,2015/1/21 0:00,湖南,长沙市,张华立,湖南省长沙市开福区金鹰影视文化城,www.mgtv.com,mangocm@mangocm.com,0731-82967188,新媒体平台运营、新媒体互动娱乐内容制作及媒体零售全产业链。,广播电视节目制作；文化娱乐经纪；演出经纪；电子产品及配件的技术咨询服务；智能技术咨询、服务；计算机硬件开发；计算机网络系统工程服务；计算机技术转让；计算机网络平台的开发及建设；计算机技术咨询；计算机技术开发、技术服务；信息网络传播视听节目业务；电子产品及配件、智能产品的销售；电子产品、智能化技术的研发；日用化学品、日用百货、文体用品、玩具、五金工具、家用电器、服装鞋帽、家具、通讯器材、首饰珠宝零售；旅游产品开发、销售，旅游信息咨询、服务；广告设计及户外广告发布、代理电视、报纸广告；活动策划、展览、培训；预包装食品、酒类销售；中药、保健食品、医疗器械、音像制品、书报刊零售；第二类增值电信业务中的信息服务业务（不含固定网电话信息服务业务和移动网信息服务）；保险兼业代理；自营和代理各类商品及技术的进出口，但国家限定公司经营或禁止进出口的商品和技术除外；化肥零售；销售不再分装的包装种子；林木种子、农作物种子的销售。（依法须经批准的项目，经相关部门批准后方可开展经营活动）
cn_002555,三七互娱,I64,信息传输、软件和信息技术服务业,互联网和相关服务,深圳,芜湖三七互娱网络科技集团股份有限公司,2011/3/2 0:00,安徽,芜湖市,李卫伟,安徽省芜湖市鸠江区北京中路芜湖广告产业园广告创意综合楼十一楼,www.37wan.net,ir@37.com,0553-7653737,以手机游戏和网页游戏的研发、发行和运营为基础的文化创意业务、同时布局影视、动漫、音乐、教育、社交、VR等文化细分领域,网络及计算机领域内的技术开发、技术转让、技术咨询、技术服务（涉及前置许可的除外）、计算机系统集成、网络工程、图文设计制作、计算机、软件及辅助设备（除计算机信息系统安全专用产品）的销售、动漫的设计和制作、广告的设计、制作和发布、组织境内文化艺术交流活动、实业投资。
cn_300418,昆仑万维,I64,信息传输、软件和信息技术服务业,互联网和相关服务,深圳,昆仑万维科技股份有限公司,2015/1/21 0:00,北京,北京市,金天,北京市海淀区知春路118号B座605E,www.kunlun.com,ir@kunlun-inc.com,010-65210366,移动游戏平台(GameArk)、休闲娱乐社交平台（闲徕互娱）、社交平台(Grindr)、投资。,技术开发、技术转让；设计、制作、代理、发布广告；货物进出口、技术进出口、代理进出口；企业管理咨询；互联网信息服务业务（除新闻、教育、医疗保健、药品、医疗器械以外的内容）；利用互联网经营游戏产品（含网络游戏虚拟货币发行）；互联网游戏出版。（市场主体依法自主选择经营项目，开展经营活动；依法须经批准的项目，经相关部门批准后依批准的内容开展经营活动；不得从事国家和本市产业政策禁止和限制类项目的经营活动。）
cn_300059,东方财富,J67,金融业,资本市场服务,深圳,东方财富信息股份有限公司,2010/3/19 0:00,上海,上海市,其实,上海市嘉定区宝安公路2999号1幢,www.eastmoney.com,dongmi@eastmoney.com,021-54660526,证券业务、金融电子商务服务业务、金融数据服务业务及互联网广告服务业务等。,第二类增值电信业务中的呼叫中心业务和信息服务业务（以经营许可证为准），企业投资咨询、策划，商务咨询，会务会展咨询服务，计算机软硬件及网络系统的技术开发、技术服务、技术咨询、技术转让，设计、制作、发布、代理国内外各类广告，自有房屋租赁，计算机软件销售。
cn_600612,老凤祥,C41,制造业,其他制造业,上海,老凤祥股份有限公司,1992/8/14 0:00,上海,上海市,石力华,上海市黄浦区南京西路190号四层、五层,www.laofengxiang.com,lfx600612@126.com,021-54480605,黄金珠宝首饰、工艺美术品、笔类文具制品的生产经营及销售,生产经营金银制品、珠宝、钻石与相关产品及设备，工艺美术品(文物法规规定的除外)、旅游工艺品与相关产品及原料，文教用品与相关原料及设备；从事上述商品的批发、零售、佣金代理（拍卖除外）及进出口业务；物业管理；自有房产租赁；典当、拍卖（只限已批准的子公司经营）；以独资、合资、合作经营形式投资兴办鼓励类、允许类企业。（依法须经批准的项目，经相关部门批准后方可开展经营活动）
cn_600436,片仔癀,C27,制造业,医药制造业,上海,漳州片仔癀药业股份有限公司,2003/6/16 0:00,福建,漳州市,潘杰,福建省漳州市芗城区上街1号,www.zzpzh.com,zqb@zzpzh.com,0596-2305239,片仔癀系列及其他中成药生产与销售。,片剂、硬胶囊剂、颗粒剂、丸剂（水丸、水蜜丸）、糖浆剂、酊剂（含外用）、软膏剂、锭剂、煎膏剂、中药饮片（含直接口服饮片）（净制）的生产；糖果制品（糖果）的生产；代加工片剂、硬胶囊剂、颗粒剂类保健食品的生产；饮料（固体饮料类）的生产；对外贸易；工艺美术品、化妆品的批发、零售。（依法须经批准的项目，经相关部门批准后方可开展经营活动）。
cn_002223,鱼跃医疗,C35,制造业,专用设备制造业,深圳,江苏鱼跃医疗设备股份有限公司,2008/4/18 0:00,江苏,镇江市,吴群,江苏省丹阳市云阳工业园(振新路南),www.yuyue.com.cn,yuwellzqb@yuyue.com.cn,0511-86900876,研发、制造和销售医疗器械产品及提供相关解决方案。,医疗器械(按许可证所核范围经营);保健用品的制造与销售;金属材料的销售;经营本企业自产产品的出口业务和本企业所需的机械设备、零配件、原辅材料的进口业务(国家限定公司经营或禁止进出口的商品及技术除外);机动医疗车改装(凭相关资质开展经营活动);汽车的销售。(依法须经批准的项目、经相关部门批准后方可开展经营活动)
cn_600511,国药股份,F51,批发和零售业,批发业,上海,国药集团药业股份有限公司,2002/11/27 0:00,北京,北京市,姜修昌,北京市东城区永外三元西巷甲12号,www.cncm.com.cn,gygfzqb@sinopharm.com,010-67262917,医药流通（医药分销）、医药制造以及医药物流,批发中成药、中药饮片、中药材、化学药制剂、化学原料药、抗生素、生化药品、生物制品、麻醉药品和第一类精神药品（含原料药）、注射用第二类精神药品、蛋白同化制剂和肽类激素、医疗用毒性药品（注射用A型肉毒毒素、蟾酥粉、注射用三氧化二砷），麻黄素原料药（小包装）；组织药品生产；销售医疗器械（Ⅱ、Ⅲ类）；预包装食品销售（含冷藏冷冻食品）、特殊食品销售（保健食品、婴幼儿配方乳粉）；互联网信息服务不含新闻、出版、教育、医疗保健、电子公告服务，含药品和医疗器械；第二类增值电信业务中的信息服务业务（不含固定网电话信息服务和互联网信息服务）；销售医疗器械（Ⅰ类）、日用百货、化妆品、汽车（不含九座以下的乘用车）、电子产品、计算机软件及辅助设备、家用电器、卫生用品、机电设备、机械设备及配件；进出口业务；与上述业务有关的咨询；会议服务；技术服务；技术开发；计算机系统服务；机械设备租赁；特殊医学用途配方食品。
cn_002362,汉王科技,C39,制造业,计算机、通信和其他电子设备制造业,深圳,汉王科技股份有限公司,2010/3/3 0:00,北京,北京市,刘迎建,北京市海淀区东北旺西路8号5号楼三层,www.hanwang.com.cn,zhudy@hanwang.com.cn,010-82786816,多领域智能交互技术的研究与应用。,技术开发、技术转让、技术咨询、技术服务、技术培训；电脑图文设计、制作；计算机网络安装、维修；承办展览展示；投资咨询、经济信息咨询；购销计算机软硬件及外部设备、机械电器设备、通讯设备（不含无线电发射设备）、五金交电、化工产品（不含危险化学品级一类易制毒化学品）、橡胶制品、塑料制品、建筑材料、民用建材、金属材料；自营和代理各类商品及技术的进出口，但国家限定公司经营或禁止进出口的商品和技术除外、数字化加工。
cn_000915,华特达因,C27,制造业,医药制造业,深圳,山东华特达因健康股份有限公司,1999/6/9 0:00,山东,临沂市,朱效平,山东省沂南县县城振兴路6号,www.sd-wit.com,wit@sd-wit.com,0531-85198600,医药产业、环保行业。,二氧化氯制备成套装置的集成、销售、安装及技术服务；二氧化氯发生器、次氯酸钠发生器、臭氧发生器的开发、生产、销售、安装及技术服务；消毒产品、环保设备、水处理设备的开发、生产、销售、安装；智慧协同消毒系统的开发及应用；环保、建筑智能化、市政公用工程设计、施工、工程总承包；水污染治理工程、污水处理及再生利用工程、工业废水废气废物处理工程、大气污染治理工程总承包；地源热泵工程总承包；计算机软件技术开发及服务、产品销售；计算机集成及网络工程施工；工业自动控制设备、信息设备、大屏幕显示设备开发、生产、销售、安装；沥青、防水材料销售；房屋租赁；高新技术开发、成果转让、技术服务；进出口业务。（依法须经批准的项目，经相关部门批准后方可开展经营活动。）
cn_002057,中钢天源,C26,制造业,化学原料和化学制品制造业,深圳,中钢天源股份有限公司,2006/8/2 0:00,安徽,马鞍山市,毛海波,安徽省马鞍山市雨山区霍里山大道南段9号,www.ty-magnet.com,sattty@ty-magnet.com.cn,0555-5200209,工业原料业务、金属制品业务、电子元件业务、装备业务和专业技术服务业务。,磁性材料、磁器件、磁分离设备、过滤脱水设备、环保设备、采矿及配套设备、电动机、微电机及其他电机的开发、生产与销售；矿物新材料、新产品研究、开发、生产、销售、咨询、转让（以上经营范围国家限制经营的除外）；经营本企业自产产品的出口业务和本企业所需机械设备、零配件、原辅材料的进口业务（国家限定公司经营或禁止进出口的商品及技术除外）。
cn_600722,金牛化工,C26,制造业,化学原料和化学制品制造业,上海,河北金牛化工股份有限公司,1996/6/26 0:00,河北,沧州市,郑温雅,河北省沧州市临港化工园区化工大道,www.hbjnhg.com,600722@hbjnhg.com,0319-3906006,甲醇的生产和销售。,许可经营项目：制造乙炔、氯化氢气体、氯乙烯、盐酸（副产20%）、压缩空气、氮气、烧碱、液氯、氢气、盐酸（30%）、次氯酸钠、硫酸。一般经营项目：制造普通硅酸盐水泥42.5、聚氯乙烯树脂；批发、零售化工原料（不含危险化学品及需国家有关部门审批的品种）、塑料制品、建筑材料；金属材料、金属制品的销售；房屋租赁；货物及技术进出口（法律、行政法规、国务院决定禁止的除外，法律、行政法规、国务院决定限制的取得许可证后方可经营）。
cn_002068,黑猫股份,C26,制造业,化学原料和化学制品制造业,深圳,江西黑猫炭黑股份有限公司,2006/9/15 0:00,江西,景德镇市,王耀,江西省景德镇市昌江区历尧,www.jx-blackcat.com,heimaoth@126.com,0798-8399126,炭黑、焦油精制和白炭黑等产品的生产与销售。,生产销售萘、粗酚、焦油沥青、盐酸、次氯酸钠、蒽油（凭安全生产许可证经营）；乙烯焦油、蒽油、煤焦油、轻油、洗油、炭黑油、盐酸、次氯酸钠、工业萘、粗酚、减水剂、沥青炭黑及其尾气、白炭黑零售（凭危险化学品经营许可证经营）；饲料二氧化硅生产销售、脱酚油及其它化工产品销售（以上项目不含危险化学品）；劳务服务；自有商标授权服务；对外贸易经营（实行国营贸易管理货物的进出口业务除外）。（依法须经批准的项目，经相关部门批准后方可开展经营活动）
cn_600409,三友化工,C26,制造业,化学原料和化学制品制造业,上海,唐山三友化工股份有限公司,2003/6/18 0:00,河北,唐山市,王春生,河北省唐山市南堡开发区,www.sanyou-chem.com.cn,zhengquanbu@sanyou-chem.cn,0315-8511642、0315-8519078,从事粘胶短纤维、纯碱、烧碱、聚氯乙烯、混合甲基环硅氧烷等系列产品的生产、销售。,纯碱、食用添加剂碳酸钠、轻质碳酸钙生产、销售；工业液体氯化钙、工业二水氯化钙、无水氯化钙、融雪剂生产和销售；粉煤灰、炉渣、脱硫石膏销售；熟石膏、盐石膏的生产和销售，利用工业副产石膏制备的α型高强石膏粉、建筑石膏粉、无水石膏粉以及复配的各种磨具石膏粉的生产和销售，以上产品的加工工艺技术开发、应用配方的研发及技术成果的转让服务；经营本企业自产产品和技术的出口业务和本企业所需的原辅材料、机械设备、零配件及技术的进口业务，但国家限定公司经营和禁止进出口的商品及技术除外；化工机械设备制造、维修（许可项目除外）、销售及相关技术服务；普通货运；货物装卸；两碱工业盐销售；房屋租赁；煤炭批发、电力销售业务；火力发电；热力生产和供应；饮料生产和销售；工业用水的生产和销售。
cn_002102,ST冠福,C27,制造业,医药制造业,深圳,冠福控股股份有限公司,2006/12/29 0:00,福建,泉州市,姚晓琴,福建省泉州市德化县土坂村冠福工业园,www.guanfu.com,guanfu@guanfu.com,0595-23517777,医药中间体、维生素E研发、生产、销售业务；塑贸电商业务；投资性房地产租赁经营业务；黄金采矿业务；商业保理业务。,对医疗业，制造业，采矿业，能源业，建筑业，批发和零售业，交通运输、仓储和邮政业，住宿和餐饮业，房地产业，租赁和商务服务业，信息传输、软件和信息技术服务业，科学研究和技术服务业，居民服务业，教育业，文化、体育和娱乐业的投资；仓储服务（不含危险品）；物业管理；房屋租赁；对外贸易；企业管理咨询服务；会议及展览服务；日用品、体育用品、建筑材料、化工产品（不含危险化学品和及易制毒化学品）、五金交电、金属材料、电子产品、针纺织品的销售；计算机技术、医疗、医药技术的研发。（依法须经批准的项目，经相关部门批准后方可开展经营活动）
cn_002092,中泰化学,C26,制造业,化学原料和化学制品制造业,深圳,新疆中泰化学股份有限公司,2006/12/8 0:00,新疆,乌鲁木齐市,杨江红,新疆维吾尔自治区乌鲁木齐市经济技术开发区阳澄湖路39号,www.zthx.com,zthx@zthx.com,0991-8751690,氯碱化工、纺织工业与供应链贸易。,食品添加剂氢氧化钠及盐酸、氢氧化钠（烧碱）、液氯、盐酸、次氯酸盐、次氯酸钠的生产、销售；1，1-二氯乙烷、碳化钙、煤焦油、硫磺、硫化钠、硝酸、氨、过氧化氢、硝酸钠、高锰酸钾、醋酸酐、三氯甲烷、乙醚、哌啶、甲苯、丙酮、甲基乙基酮、苯乙烯、乙烯、乙炔、氢、正乙烷、液化石油气、石油原油、汽油、粗苯、甲醇、苯酚、丙烷、氧（压缩的或液化的）、氮（压缩的或液化的）、二氧化碳（压缩的或液化的）、氦（压缩的或液化的）、氖（压缩的或液化的）、异辛烷、石脑油、1，2-二甲苯、1，3-二甲苯、1，4-二甲苯、二异丙胺、乙醇（无水）、乙醇溶液（按体积含乙醇大于24%）、正丁醇、洗油、柴油（闭环闪点≤60℃）、水合肼（含肼≤64%）、甲醛溶液、煤焦沥青、蒽油、三氯乙烯、酚油、漂白粉、氢氧化钾、亚硫酸钠、甲醇钠的销售。聚氯乙烯树脂、纳米PVC、食品容器、包装材料用聚氯乙烯树脂生产销售；塑料制品的生产和销售；化工产品、机电产品、金属材料、建筑材料的销售；仓储服务；金属制品的防腐和低压液化瓶的检验；一般货物与技术的进出口经营；货运代理；煤炭及制品的销售；房屋租赁；软件和信息技术服务；化纤浆粕制造；人造纤维、棉纺纱、化纤布、非织造布的生产与销售；商务信息技术咨询及服务；矿产品、机械设备、五金产品、电子产品、钢材、汽车、汽车配件、食品、烟草制品、酒、农产品、化肥的销售；道路普通货物运输、国际道路普通货物运输、机械设备租赁。棉花的收购、销售。工业盐的销售（依法须经批准的项目、经相关部门批准后方可开展经营活动）。
cn_600380,健康元,C27,制造业,医药制造业,上海,健康元药业集团股份有限公司,2001/6/8 0:00,广东,,朱保国,广东省深圳市南山区高新区北区朗山路17号健康元药业集团大厦,www.joincare.com,joincare@joincare.com,0755-8625265、86252388,生产经营中成药、口服液、片剂、胶囊剂、颗粒剂、激素类片剂等。,药品、中成药、化学原料药、化学药制剂、抗生素原料药、抗生素制剂的研发（不含国家保护资源的中药材、中成药秘方产品的研发）、批发、进出口及相关配套业务（不涉及国营贸易管理商品，涉及配额、许可证管理及其它专项规定管理的商品，按国家有关规定办理申请）；食品、保健食品、化妆品的研发；预包装食品销售（不含冷藏冻食品）、特殊食品销售（保健食品销售、特殊医学用途配方食品销售）、第一类、第二类医疗器械的研发和销售。
cn_002107,沃华医药,C27,制造业,医药制造业,深圳,山东沃华医药科技股份有限公司,2007/1/24 0:00,山东,潍坊市,赵丙贤,山东省潍坊市高新技术产业开发区梨园街3517号,www.wohua.cn,dongmi_002107@163.com,0536-8553373,纯天然植物类心脑血管中成药的研发、生产和销售,许可证范围内片剂、硬胶囊剂、颗粒剂、丸剂（蜜丸、水丸、浓缩丸）、酒剂、酊剂、散剂、煎膏剂、糖浆剂、口服液、合剂；医药科技技术咨询服务。
cn_002109,兴化股份,C26,制造业,化学原料和化学制品制造业,深圳,陕西兴化化学股份有限公司,2007/1/26 0:00,陕西,咸阳市,樊迟,陕西省咸阳市兴平市东城区,www.snxhchem.com,snxhchem002109@163.com,029-38839966,合成氨、甲醇、甲胺、DMF的生产与销售。,化工产品（不含危化品）的生产、销售（依法须经批准的项目，经相关部门批准后方可开展经营活动）。
cn_002118,紫鑫药业,C27,制造业,医药制造业,深圳,吉林紫鑫药业股份有限公司,2007/3/2 0:00,吉林,通化市,封有顺,吉林省通化市柳河县英利路88号,www.jilinzixin.com.cn,zixin@zxpc.cc,0431-81916633,中成药产业、人参产业、基因测序仪及配套试剂产业。,加工销售中成药，化学药制剂（口服液，片剂，胶囊），中药饮片，药材原料，农副产品，针织品加工；中药材的种植与销售，种养殖业；设计，制作，代理电视，报纸，灯箱，路牌广告业务，经营本企业自产产品及相关技术的出口业务（国家限定公司经营或禁止出口的商品除外）；经营本企业生产科研所需的原辅材料、机械设备、仪器仪表、零配件及相关技术的进出口业务（国家限定公司经营或禁止进口的商品除外）；经营本企业的进料加工和“三来一补”业务；生产脱脂棉球；土特产品销售。***（依法须经批准的项目，经相关部门批准后方可开展经营活动）
cn_002166,莱茵生物,C27,制造业,医药制造业,深圳,桂林莱茵生物科技股份有限公司,2007/9/13 0:00,广西,桂林市,秦本军,广西壮族自治区桂林市临桂区人民南路19号,www.layn.com.cn,002166@layn.com.cn,0773-3568809,天然健康产品业务和建筑业务,植物提取物、中药提取物、食品及食品添加剂、饲料和饲料添加剂、植物提取物配方产品、护肤用化妆品及个人护理用品的研发、生产、销售、技术转让及自营进出口（以上项目涉及行政许可审批项目除外）；植物种苗培育及繁育研究、应用、推广及技术转让。（依法须经批准的项目，经相关部门批准后方可开展经营活动。）
cn_002064,华峰化学,C28,制造业,化学纤维制造业,深圳,华峰化学股份有限公司,2006/8/23 0:00,浙江,温州市,杨从登,浙江省温州市瑞安市瑞安经济开发区开发区大道1788号,www.spandex.com.cn,hfal002064@huafeng.com,0577-65150000,氨纶产品的加工制造、销售、技术开发。,一般项目：合成纤维制造；合成纤维销售；合成材料制造（不含危险化学品）；合成材料销售；基础化学原料制造（不含危险化学品等许可类化学品的制造）；化工产品销售（不含许可类化工产品）；新材料技术研发；生物基材料技术研发；工程和技术研究和试验发展(除依法须经批准的项目外，凭营业执照依法自主开展经营活动)。许可项目：货物进出口；技术进出口（依法须经批准的项目，经相关部门批准后方可开展经营活动，具体经营项目以审批结果为准）。
cn_300441,鲍斯股份,C34,制造业,通用设备制造业,深圳,宁波鲍斯能源装备股份有限公司,2015/4/23 0:00,浙江,宁波市,陈金岳,浙江省宁波市奉化区西坞街道尚桥路18号,www.cnbaosi.com,xub@cnbaosi.com,0574-88661525,压缩机、真空泵、高效精密切削刀具、精密传动部件、液压泵等机械产品的研发、生产、销售,煤层气、天然气、石油伴生气负压抽采和增压螺杆压缩机组及液化系统、煤层气脱氧提浓装置、油气混输泵、大罐抽气设备、压力容器、真空设备及配件的设计、制造、安装；空气、冷媒螺杆式压缩机及部件的设计、制造、加工；压缩机易耗件的销售；可燃气液化工程的设计、安装、施工、维护及合同能源管理；自营和代理各类商品和技术的进出口业务，但国家限定公司经营或禁止进出口的商品和技术除外。（依法须经批准的项目，经相关部门批准后方可开展经营活动）
cn_000301,东方盛虹,C28,制造业,化学纤维制造业,深圳,江苏东方盛虹股份有限公司,2000/5/29 0:00,江苏,苏州市,缪汉根,江苏省苏州市吴江区盛泽镇市场东路73号,www.jsessh.com,tzzgx@jsessh.com,0512-63573480,民用涤纶长丝研发、生产和销售、热电等业务。,资产经营，纺织原料、针纺织品、聚酯(PET)生产、销售，仓储，蒸汽供应，生活垃圾焚烧发电工程，技术咨询，实业投资，国内贸易，企业咨询服务，物业管理，机械设备租赁。公路货运（限指定的分支机构经营），热电生产、供应（限分支机构经营）。（依法须经批准的项目，经相关部门批准后方可开展经营活动）
cn_002418,康盛股份,C34,制造业,通用设备制造业,深圳,浙江康盛股份有限公司,2010/6/1 0:00,浙江,杭州市,王亚骏,浙江省杭州市淳安县千岛湖镇康盛路268号,www.kasun.cn,ksgf@kasun.cn,0571-64836953,家电制冷配件和新能源汽车,制造、销售内螺纹钢管、精密铜管、钢管、铝管、冷轧钢带、铜带，冰箱、冷柜、空调金属管路及其配件；经营进出口业务，但国家限制或禁止的项目除外。
cn_002152,广电运通,C34,制造业,通用设备制造业,深圳,广州广电运通金融电子股份有限公司,2007/8/13 0:00,广东,广州市,黄跃珍,广东省广州市高新技术产业开发区科学城科林路9、11号,www.grgbanking.com,securities@grgbanking.com,020-62878517,金融科技业务和城市智能业务。,计算机、通信和其他电子设备制造业。广州市商事主体信息公司平台公示的经营范围：计算机软硬件及外围设备制造；货币专用设备制造；货币专用设备销售；自动售货机销售；计算器设备制造；计算机软硬件及辅助设备批发；信息系统集成服务；信息技术咨询服务；软件开发；技术服务、技术开发、技术咨询、技术交流、技术转让、技术推广；计算机及办公设备维修；安全技术防范系统设计施工服务；专业设计服务；物联网技术服务；数据处理和存储支持服务；城市轨道交通设备制造；工程管理服务；互联网数据服务；信息系统运行维护服务；数字内容制作服务（不含出版发行）；各类工程建设活动；技术进出口；货物进出口；建设工程勘察；建设工程设计；住宅室内装饰装修；第一类增值电信业务。
cn_002158,汉钟精机,C34,制造业,通用设备制造业,深圳,上海汉钟精机股份有限公司,2007/8/17 0:00,上海,上海市,余昱暄,上海市金山区枫泾镇建贡路108号,www.hanbell.com.cn,IR@hanbell.cn,021-57350280-2000,制冷产品业务、空压产品业务、真空产品业务、离心产品业务、涡旋产品业务、热泵产品业务、ORC余热回收产品业务。,研发、生产农渔蔬果等产品储藏、保险、干燥用的新型螺杆式冷冻冷藏设备，各类真空泵、气体压缩机及其零部件；合同能源管理并研发节能技术；销售自产产品及相关配套产品、零部件、润滑油、润滑剂等其他耗材，转让自研技术，租赁自产产品；自产产品、同类商品及节能产品的批发、进出口、佣金代理（拍卖除外），并提供技术咨询、技术服务、售后服务等相关配套服务；自有房屋租赁。（不涉及国营贸易管理商品，涉及危险化学品、配额、许可证管理、专项规定、质检、安检管理等要求的，需按照国家有关规定取得相应许可后开展经营业务）。
cn_002202,金风科技,C34,制造业,通用设备制造业,深圳,新疆金风科技股份有限公司,2007/12/26 0:00,新疆,乌鲁木齐市,武钢,新疆维吾尔自治区乌鲁木齐市经济技术开发区上海路107号,www.goldwind.com.cn,goldwind@goldwind.com.cn,0991-3767411,风机制造、风电服务、风电场投资与开发。,大型风力发电机组生产销售及其技术引进与开发、应用；建设及运营中试型风力发电场；制造及销售风力发电机零部件；有关风机制造、风电场建设运营方面的技术服务与技术咨询；风力发电机组及其零部件与相关技术的进出口业务。
cn_002438,江苏神通,C34,制造业,通用设备制造业,深圳,江苏神通阀门股份有限公司,2010/6/23 0:00,江苏,南通市,韩力,江苏省启东市南阳镇,www.stfm.cn,zhangqq@stfm.cn,0513-83335899,生产销售冶金阀门、核电阀门，合同能源管理项目投资业务。,研发生产销售阀门及冶金、电力、化工机械、比例伺服阀;阀门及机电设备的安装、维护、检修;工业装置的安装、维修、技术咨询及技术服务;经营本企业自产产品及技术的出口业务;经营本企业生产、科研所需的原辅材料、仪器仪表、机械设备、零配件及技术的进口业务（国家限定公司经营和国家禁止进出口的商品及技术除外）。（依法须经批准的项目、经相关部门批准后方可开展经营活动）
cn_002206,海利得,C28,制造业,化学纤维制造业,深圳,浙江海利得新材料股份有限公司,2008/1/23 0:00,浙江,嘉兴市,高利民,浙江省海宁市马桥镇经编产业园区内,www.halead.com,hld@halead.com,0573-87989889,涤纶工业长丝、塑胶材料、涤纶帘子布三大产品的生产。,电脑喷绘胶片布、土工格栅材料、PVC涂层材料、篷盖材料、聚酯工业长丝、聚酯切片、帘子布、帆布、石塑地板、高分子材料及产品的研究开发、生产、销售；经营进出口业务（范围详见《中华人民共和国进出口企业资格证书》）。
cn_300024,机器人,C34,制造业,通用设备制造业,深圳,沈阳新松机器人自动化股份有限公司,2009/10/30 0:00,辽宁,沈阳市,曲道奎,辽宁省沈阳市浑南新区金辉街16号,www.siasun.com,zqb@siasun.com,024-23815033,机器人及数字化解决方案，面向智能制造、半导体装备、国防安全及消费服务领域提供智能化产品及服务。,机器人与自动化装备、自动化立体仓库及仓储物流设备、机械电子设备、大型自动化系统与生产线开发、制造、工程安装；信息技术与网络系统设计、开发、技术咨询、服务、转让；计算机机械电子设备及配件销售，自营和代理货物及技术进出口（国家禁止的不得经营，限制的品种办理许可证后方可经营），海洋自动化装备、油田自动化装备、激光技术及装备、低压成套开关和控制设备开发、制造、工程安装，公路、隧道、轨道交通综合监控系统、建筑智能化及机电工程设计、制造、工程安装，智能机电及信息产品设计、制造、租赁、销售，光电技术及产品开发、制造、销售，公共服务机器人设计、制造、销售；安防工程设计、施工；增值电信业务（辽宁省内经营）。
cn_002254,泰和新材,C28,制造业,化学纤维制造业,深圳,烟台泰和新材料股份有限公司,2008/6/25 0:00,山东,烟台市,宋西全,山东省烟台经济技术开发区黑龙江路10号,www.tayho.com.cn,securiities@tayho.com.cn,0535-6394123,氨纶纤维、芳纶纤维系列产品、芳纶纸及其衍生产品的开发、制造和销售。,氨纶、芳纶系列产品的制造、销售、技术转让、技术咨询和服务；纺织品、日用百货、金属材料、建筑材料、化工产品(不含化学危险品）的批发、零售；备案范围进出口业务。(依法须经批准的项目，经相关部门批准后方可开展经营活动)。
cn_300876,蒙泰高新,C28,制造业,化学纤维制造业,深圳,广东蒙泰高新纤维股份有限公司,2020/8/24 0:00,广东,揭阳市,郭清海,广东省揭阳市揭东区城西片工业区,www.gdguangdong.com,zqb@gdmtxw.com,0663-3904196,聚丙烯纤维的研发、生产和销售。,生产、销售：超细旦纤维丝、高强纤维丝、各种化纤丝、化纤材料及其制品；货物进出口、技术进出口。（以上各项，法律、行政法规和国务院决定禁止的不得经营；法律、行政法规和国务院决定限制的须取得许可方可经营）。（依法须经批准的项目，经相关部门批准后方可开展经营活动）。
cn_002138,顺络电子,C39,制造业,计算机、通信和其他电子设备制造业,深圳,深圳顺络电子股份有限公司,2007/6/13 0:00,广东,深圳市,袁金钰,广东省深圳市龙华区观澜街道大富苑工业区顺络观澜工业园,www.sunlordinc.com,info@sunlordinc.com,0755-29832586,主要从事片式电感器和片式压敏电阻器等新型电子元器件的研发、生产和销售，产品主要应用于通信、计算机及消费类电子产品等领域。,研发、设计、生产、销售新型电子元器件；提供技术方案设计和技术转让、咨询服务，销售自产产品。
cn_600707,彩虹股份,C39,制造业,计算机、通信和其他电子设备制造业,上海,彩虹显示器件股份有限公司,1996/5/20 0:00,陕西,西安市,李淼,陕西省咸阳市秦都区高新区高新一路创业大厦,www.chgf.com.cn,gfoffice@ch.com.cn,029-33132781、33132763,液晶玻璃基板、液晶面板的研发、生产与销售,平板显示器件及相关零部件、材料的生产、经营及技术开发、技术服务、技术转让；智能装备制造、销售及技术服务；厂房、场地、设备租赁；进出口业务，对外贸易经营等。
cn_002179,中航光电,C39,制造业,计算机、通信和其他电子设备制造业,深圳,中航光电科技股份有限公司,2007/11/1 0:00,河南,洛阳市,郭泽义,中国（河南）自由贸易区试验区洛阳片区洛阳高新技术开发区周山路10号,www.jonhon.cn,zhengquan@jonhon.cn,0379-63011079,电连接器、光器件和线缆组件的研制开发、生产和销售。,一般项目：电子元器件制造；机械电气设备制造；制冷、空调设备制造；汽车零部件及配件制造；工程和技术研究和试验发展；专用设备修理（除依法须经批准的项目外，凭营业执照依法自主开展经营活动）。
cn_002156,通富微电,C39,制造业,计算机、通信和其他电子设备制造业,深圳,通富微电子股份有限公司,2007/8/16 0:00,江苏,南通市,石明达,江苏省南通市崇川开发区崇川路288号,www.tfme.com,tfme_stock@tfme.com,0513-85058919,主要从事集成电路的封装测试业务。,研究开发、生产、销售集成电路等半导体产品，提供相关的技术服务；自营和代理上述商品的进出口业务。（依法须经批准的项目，经相关部门批准后方可开展经营活动）
cn_600151,航天机电,C39,制造业,计算机、通信和其他电子设备制造业,上海,上海航天汽车机电股份有限公司,1998/6/5 0:00,上海,上海市,荆怀靖,中国（上海）自由贸易试验区浦东新区榕桥路661号,www.ht-saae.com,saae@ht-saae.com,021-64827176,高端汽配、新能源光伏和新材料应用产业。,卫星及卫星应用、运载火箭应用及其他民用航天相关产品的研制开发，汽车空调器、传感器、电机、自动天线等汽车零部件、机械加工及设备、电子电器、通讯设备、电器等产品，经营本企业自产产品的出口业务和本企业所需的机械设备、零配件、原辅材料的进口业务（但国家限定公司经营或禁止进出口的商品及技术除外），本企业包括本企业控股的成员企业，太阳能电池专用设备，硅材料、太阳能电池，太阳能发电设备、零配件及辅助材料的销售及维护，电力工程的设计、施工（除承装、承修、承试电力设施），合同能源管理，光伏智能电网领域内的技术开发与技术服务，机电安装建设工程施工，复合材料制造应用，实业投资、投资咨询。［企业经营涉及行政许可的，凭许可证件经营］。
cn_002185,华天科技,C39,制造业,计算机、通信和其他电子设备制造业,深圳,天水华天科技股份有限公司,2007/11/20 0:00,甘肃,天水市,肖胜利,甘肃省天水市秦州区双桥路14号,www.tshtkj.com,Wenying.Chang@ht-tech.com,0938-8631816、0938-8631990,集成电路的封装与测试业务。,半导体集成电路研发、生产、封装、测试、销售；LED及应用产品和MEMS研发、生产、销售；电子产业项目投资；经营本企业自产产品及技术的出口业务和本企业所需的机械设备、零配件、原辅材料及技术的进口业务；房屋租赁；水、电、气及供热、供冷等相关动力产品和服务（国家限制的除外）。
cn_002189,中光学,C39,制造业,计算机、通信和其他电子设备制造业,深圳,中光学集团股份有限公司,2007/12/3 0:00,河南,南阳市,王志亮,河南省南阳市工业南路508号,www.hn508.com.cn,ldgd@lida-oe.com.cn,0377-63865031,精密光学元组件、光学辅料、光敏电阻等光电产品的研发、设计、生产、销售。,精密光学元件、光学镜头、数码投影产品、光伏电池模组及系统应用等太阳聚能产品、光学辅料、光敏电阻、光电仪器设备等相关产品和零部件的研发、设计、生产、销售、安装和售后服务。各类光电显示设备、雷达、周界防范设备、计算机软件、电力设备、二三类机电设备、电梯、铝塑及非金属类管材（不含危化品）销售；金属表面处理及热加工处理，金属加工机械制造，非金属表面处理、加工；计算机信息系统集成服务，安全技术防范工程设计、施工、维修二级；货物和技术进出口（国家禁止或涉及行政审批的货物和技术进出口除外）（依法须经批准的项目，经相关部门批准后方可开展经营活动）
cn_002199,东晶电子,C39,制造业,计算机、通信和其他电子设备制造业,深圳,浙江东晶电子股份有限公司,2007/12/21 0:00,浙江,金华市,王皓,浙江省金华市宾虹西路555号,www.ecec.com.cn,ecec@ecec.com.cn,0579-89186668,石英晶体元器件产品的研发、生产和销售。,电子元件、计算机及网络产品、通信产品的研发、设计、生产与销售。（依法须经批准的项目，经相关部门批准后方可开展经营活动）
cn_002452,长高集团,C38,制造业,电气机械和器材制造业,深圳,湖南长高高压开关集团股份公司,2010/7/20 0:00,湖南,长沙市,马晓,湖南省长沙市望城经济技术开发区金星北路三段393号,www.changgaogroup.com,cgzq123@163.com,0731-88585000,电力设备、电力工程服务、新能源汽车业务、房地产业务、耐磨材料业务,高压开关、组合电器、断路器等高压电器、高低压成套设备与配电箱、电力自动化装置、设备、软件的研发、设计、生产、销售、技术咨询及系统集成；新能源汽车零配件制造、充电桩和汽车充电设备的制造、建设、运营、技术服务、研发和销售；新能源发电；电力工程设计、总承包、咨询、检修、施工；配售电及电网建设运行维护；企业管理服务；自有房屋、机械设备租赁；各类商品和技术的进出口业务。（依法须经批准的项目，经相关部门批准后方可开展经营活动）
cn_002056,横店东磁,C38,制造业,电气机械和器材制造业,深圳,横店集团东磁股份有限公司,2006/8/2 0:00,浙江,金华市,何时金,浙江省东阳市横店工业区,www.chinadmegc.com,gfgs@dmegc.com.cn,0579-86551999,永磁铁氧体、软磁铁氧体、其他磁性材料及电池的生产和销售。,为接待本公司客人提供餐饮、住宿、舞厅、卡拉OK服务（凭许可证经营）。磁性器材、电池、锂离子动力电池、电子产品、晶体硅太阳能电池片、太阳能硅片及组件的研发、设计、生产、销售，净水器、水处理设备、空气净化器、硫酸铵、氮甲基吡咯烷酮的销售，光伏系统工程安装，高科技产品的开发及技术咨询，实业投资，经营进出口业务（范围详见外经贸部门批文）。（依法须经批准的项目，经相关部门批准后方可开展经营活动）
cn_002270,华明装备,C38,制造业,电气机械和器材制造业,深圳,华明电力装备股份有限公司,2008/9/5 0:00,山东,济南市,肖毅,山东省济南市高新区世纪大道2222号附属用房413-415,www.huaming.com,dsh@huaming.com,0531-82685200,电力设备业务、数控设备业务、电力工程业务,电力装备、数控机械设备、液压气动元件、环保设备的开发、生产、销售、技术咨询；货物及技术进出口；自有房屋租赁；物业管理；仓储服务（不含危险化学品）；工业自动化控制技术的咨询；电子电器元件的销售；机械零部件的加工、销售；环保工程的设计、施工。（依法须经批准的项目，经相关部门批准后方可开展经营活动）。
cn_002076,ST雪莱,C38,制造业,电气机械和器材制造业,深圳,广东雪莱特光电科技股份有限公司,2006/10/25 0:00,广东,佛山市,冼树忠,广东省佛山市南海区狮山工业科技工业园A区,www.cnlight.com,info@cnlight.com,0757-86695209,光科技应用、锂电池生产设备、智能包装设备、充电桩。,设计、加工、制造：LED照明产品及配件、照明电器、电真空器件、科教器材、电光源器材及配件、电子元器件、自动控制设备、二类消毒室、供应室设备及器具、水处理设备、空气处理设备、道路路灯、太阳能路灯、太阳能电池组件、太阳能控制器、路灯灯杆、蓄电池、风力发电系统、开关电器、LED显示屏、LED应急照明产品、LED防爆照明产品；航空电子设备、无人驾驶航空器、无线电数据传输系统、智能玩具及其应用的技术开发、生产；承接、设计、施工：水处理工程、空气处理工程、城市及道路照明工程、亮化景观照明工程；服务：照明电器安装；电动车及相关配件贸易、家电及相关配件贸易、合同能源管理；货物进出口、技术进出口。（依法须经批准的项目，经相关部门批准后方可开展经营活动。）
cn_002473,*ST圣莱,C38,制造业,电气机械和器材制造业,深圳,宁波圣莱达电器股份有限公司,2010/9/10 0:00,浙江,宁波市,宋骐,浙江省宁波市江北区长兴路199号10幢202室,www.nbslt.com,sld002473@126.com,0574-87522994,从事水加热生活电器核心零部件及整机的研发、生产和销售。,电热电器、电机电器及配件的制造、加工；自营和代理各类货物和技术的进出口，但国家限定经营或禁止进出口的货物和技术除外；房屋及场地租赁业务及企业经营管理咨询。（依法须经批准的项目，经相关部门批准后方可开展经营活动）
cn_002090,金智科技,C38,制造业,电气机械和器材制造业,深圳,江苏金智科技股份有限公司,2006/12/8 0:00,江苏,南京市,贺安鹰,江苏省南京市江宁开发区将军大道100号,www.wiscom.com.cn,tzb@wiscom.com.cn,025-52762828,智慧能源业务、智慧城市业务。,电力自动化、继电保护、工业电气自动化、水利、水电及水处理自动化产品及系统的开发、设计、制造、销售及服务，水文仪器、大坝自动化仪器、传感器、电子仪器、电子及电气设备、光电设备、机电设备、通信设备（卫星地面接收设施除外）、计算机软硬件的开发、设计、制造、销售及服务，计算机信息系统设计、销售、施工及技术咨询服务，电力行业（发电、输变电、配电）工程咨询、设计、总承包；新能源（光伏发电、风力发电等）工程的投资、总承包、关键设备制造，水利、水处理、工业企业、交通等行业的监测、监控、机电设备等系统的集成及总承包，燃气轮机设备和备件的销售、技术咨询及检修工程服务，自营和代理各类商品和技术的进出口（但国家限定公司经营或禁止进出口的商品和技术除外）、国外电力工程投资、总承包，太阳能发电、风力发电等可再生能源的开发、投资、建设、运营，售电业务，机械、设备、设施、车辆租赁，不动产租赁。
cn_002097,山河智能,C35,制造业,专用设备制造业,深圳,山河智能装备股份有限公司,2006/12/22 0:00,湖南,长沙市,付向东,湖南省长沙市星沙产业基地长龙街道凉塘东路1335号,www.sunward.com.cn,IR@sunward.com.cn,0731-86407826,工程机械制造业。,研究、设计、生产、销售建设机械、工程机械、农业机械、林业机械、矿山机械、起重机械、无人（飞）机（不含民用航空器[发动机、螺旋桨]）、厂内机动车辆和其它高技术机电一体化产品及其与主机配套的动力、液压(不含特种设备)、电控系统产品和配件；提供机械设备的租赁、售后服务及相关的技术咨询服务；道路运输经营；经营商品和技术的进出口业务。（依法须经批准的项目，经相关部门批准后方可开展经营活动）（以公司登记机关核定的为准）
cn_601100,恒立液压,C35,制造业,专用设备制造业,上海,江苏恒立液压股份有限公司,2011/10/28 0:00,江苏,常州市,汪立平,江苏省常州市武进高新技术产业开发区龙潜路99号,www.henglihydraulic.com,hlzqb@hengli.net,0519-81689797,高压油缸的生产、销售,从事高压油缸、液压件、液压系统、高压柱塞泵及马达、高压液压阀、精密铸件、蓄能器及氮气瓶等压力容器的研发、生产与相关技术支持服务；机械设备制造及机械零部件制造，销售自产产品；道路货物运输服务（普通货运）
cn_002177,御银股份,C35,制造业,专用设备制造业,深圳,广州御银科技股份有限公司,2007/11/1 0:00,广东,广州市,谭骅,广东省广州市天河区高唐路234号202房,www.kingteller.com.cn,zqb@kingteller.com.cn,020-29087848,1、ATM制造销售：ATM设备及相关系统软件的研发、制造、销售；2、ATM运营服务：为银行类金融机构提供ATM运营服务。,一般经营项目：自动售货机、售票机、柜员机及零配件的批发；自动售货机、售票机、柜员机及零配件的零售；信息系统集成服务；集成电路设计；密钥管理类设备和系统制造；安全系统监控服务；安全技术防范产品制造；安全技术防范系统设计、施工、维修；安全技术防范产品批发；安全技术防范产品零售；安全智能卡类设备和系统制造；受金融企业委托提供非金融业务服务；电子、通信与自动控制技术研究、开发；计算器及货币专用设备制造；计算机技术开发、技术服务；计算机应用电子设备制造；计算机信息安全设备制造；信息电子技术服务；软件开发；软件批发；软件零售；软件服务；软件测试服务；电子产品批发；电子产品零售；电子设备工程安装服务；电子产品设计服务；机械设备租赁；工程技术咨询服务；技术进出口；货物进出口（专营专控商品除外）；自有房地产经营活动；房地产开发经营；房地产咨询服务；担保服务（融资性担保除外）；物业管理；投资咨询服务；代驾服务；场地租赁（不含仓储）；企业自有资金投资；投资管理服务；资产管理（不含许可审批项目）；汽车租赁；房屋租赁；房地产中介服务；汽车援救服务。许可经营项目：融资租赁服务。
cn_300030,阳普医疗,C35,制造业,专用设备制造业,深圳,广州阳普医疗科技股份有限公司,2009/12/25 0:00,广东,广州市,邓冠华,广东省广州市经济技术开发区科学城开源大道102号,www.improve-medical.com,board@improve-medical.com,020-32218222,专用设备制造业（具体经营项目请登录广州市商事主体信息公示平台查询。依法须经批准的项目，经相关部门批准后方可开展经营活动。）,医疗实验室设备和器具制造；许可类医疗器械经营（即申请《医疗器械经营企业许可证》才可经营的医疗器械，包括第三类医疗器械和需申请《医疗器械经营企业许可证》方可经营的第二类医疗器械）；医疗设备租赁服务；商品批发贸易（许可审批类商品除外）；技术进出口；非许可类医疗器械经营（即不需申请《医疗器械经营企业许可证》即可经营的医疗器械，包括第一类医疗器械和国家规定不需申请《医疗器械经营企业许可证》即可经营的第二类医疗器械）；房屋租赁；医疗设备维修；医疗用品及器材零售（不含药品及医疗器械）；货物进出口（专营专控商品除外）；商品零售贸易（许可审批类商品除外）；企业总部管理；单位后勤管理服务（涉及许可经营的项目除外）；资产管理（不含许可审批项目）；营养健康咨询服务；能源技术咨询服务；化妆品及卫生用品零售；化妆品及卫生用品批发；卫生盥洗设备及用具批发；普通劳动防护用品制造；投资咨询服务；企业自有资金投资；投资管理服务；计算机技术开发、技术服务；软件开发；信息技术咨询服务；信息系统集成服务；数据处理和存储服务。
cn_002204,大连重工,C35,制造业,专用设备制造业,深圳,大连华锐重工集团股份有限公司,2008/1/16 0:00,辽宁,大连市,邵长南,辽宁省大连市西岗区八一路169号,www.dhidcw.com,dlzg002204@dhidcw.com,0411-86427861,为冶金、港口、能源、矿山、工程、交通、航空航天、造船等国民经济基础产业提供成套技术装备、高新技术产品和服务。,机械设备设计制造、安装调试；备、配件供应；金属制品、金属结构制造；工具、模具、模型设计、制造；金属表面处理及热处理；机电设备零件及制造、协作加工；起重机械特种设备设计、制造、安装、改造、维修；压力容器设计、制造；铸钢件、铸铁件、铸铜件、铸铝件、锻件加工制造；钢锭铸坯、钢材轧制、防尘设备设计、制造、安装、调试；铸造工艺及材料技术开发；造型材料制造；货物进出口、技术进出口；房地产开发；仓储；商业贸易；工程总承包；机电设备租赁及技术开发、咨询；计算机应用；房屋建筑工程施工；机电设备安装工程；普通货运；国内货运代理；承办海上、陆路、航空国际货运代理（含报关、报验）；人工搬运；货物包装;大型物件运输。（特业部分限下属企业在许可范围内）***（依法须经批准的项目，经相关部门批准后方可开展经营活动）。
cn_002066,瑞泰科技,C30,制造业,非金属矿物制品业,深圳,瑞泰科技股份有限公司,2006/8/23 0:00,北京,北京市,曾大凡,北京市朝阳区五里桥一街1号院27号楼,www.bjruitai.com,ruitai@bjruitai.com,010-57987888,熔铸锆刚玉系列耐火材料、熔铸氧化铝系列耐火材料的生产和销售。,制造耐火材料（仅限分支机构经营）；销售耐火材料；无机非金属材料的研发、销售以及技术咨询、技术服务；货物进出口、技术进出口、代理进出口；会议服务；出租办公用房。
cn_002080,中材科技,C30,制造业,非金属矿物制品业,深圳,中材科技股份有限公司,2006/11/20 0:00,江苏,南京市,薛忠民,江苏省南京市江宁科学园彤天路99号,www.sinomatech.com,sinoma@sinomatech.com,010-88437909,风电叶片业务、玻璃纤维业务、锂电池隔膜业务。,玻璃纤维、复合材料、过滤材料、矿物棉、其他非金属新材料、工业铂铑合金、浸润剂及相关设备研究、制造与销售；技术转让、咨询服务；工程设计与承包；建筑工程、环境工程专业总承包（设计、施工及相关技术服务）、环境污染治理设施运营、对外承包工程和建筑智能化系统专项工程设计、环境污染防治专项工程、轻工、市政工程设计；玻璃纤维、复合材料、其他非金属新材料工程设计与承包；压力容器、贵金属材料、机械设备、工业自控产品、计算机软件的销售（以上国家有专项专营规定的除外）。经营本企业自产产品的出口业务和本企业所需的机械设备、零配件、原辅材料的进口业务（国家限定公司经营或禁止进出口的商品及技术除外）。
cn_002088,鲁阳节能,C30,制造业,非金属矿物制品业,深圳,山东鲁阳节能材料股份有限公司,2006/11/30 0:00,山东,淄博市,鹿成滨,山东省淄博市沂源县城沂河路11号,www.luyang.com,luyang@luyang.com,0533-3280969,陶瓷纤维、玄武岩纤维等节能材料的生产销售。,硅酸铝耐火纤维材料、珍珠岩保温材料、玻璃钢产品、高温粘结剂、浇注料、高温纤维材料、岩矿棉材料、不定型耐火材料及耐火砖、轻型钢结构件、彩钢压型板系列产品制造、销售；耐火水泥销售；进出口业务；资质证书范围内防腐保温工程施工、炉窑工程施工；再生物资的回收；轻型钢结构工程设计、安装施工，消防工程设计、施工及设施维修；包装装潢印刷品印刷；包装材料、金属构件加工、销售。
cn_002162,悦心健康,C30,制造业,非金属矿物制品业,深圳,上海悦心健康集团股份有限公司,2007/8/23 0:00,上海,上海市,李慈雄,上海市闵行区浦江镇三鲁公路2121号,www.everjoyhealth.com,zqb@cimic.com,021-64110567,大健康业务、建筑陶瓷业务、生态健康建材业务。,养老机构业务，为老年人提供社区托养、居家照护等社区养老服务；医疗企业管理咨询（不得从事诊疗活动、心理咨询）、健康管理咨询（不得从事诊疗活动、心理咨询）、投资管理咨询、企业管理咨询（咨询类项目经纪）、会议及展览服务、市场营销策划；从事健康环境科技及医用产品技术领域内的技术开发、自有技术转让、并提供技术咨询及技术服务；生产销售精密陶瓷，建筑陶瓷，卫生陶瓷，配套件，高性能功能陶瓷产品，室内外建筑装潢五金和超硬工具，建筑保温材料及其他隔热、隔音、防火等建筑材料，销售自产产品并提供产品技术服务；在上海市闵行区三鲁公路2121号内从事自有房屋出租；机器设备租赁。（涉及许可证、专项规定、质检、安检等管理要求的，需按照国家有关规定取得相应许可后开展经营业务）。【依法须经批准的项目，经相关部门批准后方可开展经营活动】
cn_600678,四川金顶,C30,制造业,非金属矿物制品业,上海,四川金顶(集团)股份有限公司,1993/10/8 0:00,四川,乐山市,熊记锋,四川省峨眉山市乐都镇新农一组55号,www.scjd.cn,scjd600678@scjd.cn,0833-6179595,非金属矿开采、加工及产品销售,石灰岩开采、加工及销售（有效期至2043年10月11日）。碳酸钙复合材料生产、销售；建材销售；机械加工，汽车修理，普通货运，电力开发，科技开发、咨询服务；机械设备租赁、文化及日用品出租；经营本企业自产产品技术的出口业务；经营本企业生产所需的原辅材料、仪器仪表、机械设备、零配件及技术的进出口业务（国家限定公司经营和国家禁止进出口的商品及技术除外）；经营进料加工和“三来一补”业务；销售矿产品（国家专项规定除外）；仓储服务。
cn_002225,濮耐股份,C30,制造业,非金属矿物制品业,深圳,濮阳濮耐高温材料(集团)股份有限公司,2008/4/25 0:00,河南,濮阳市,刘百宽,河南省濮阳县西环路中段,www.punai.com.cn,pngf2007@punai.com,0393-3214228,为研制、生产和销售定型、不定形耐火材料，功能耐火材料及配套机构，并承担各种热工设备耐火材料设计安装、施工服务等整体承包业务。,耐火材料原料和制品、功能陶瓷材料、高温结构材料、水泥及建筑材料、冶金炉料及其它冶金配套产品、功能材料机构、包装材料和配套施工机械设备的开发、设计、生产、销售及技术转让、设计安装、施工技术服务及出口业务；进口本企业生产、科研所需的原辅材料、机械设备、仪器仪表及零配件（国家实行核定的进口商品除外），道路普通货物运输，经营来料加工和“三来一补”业务”。
cn_601390,中国中铁,E48,建筑业,土木工程建筑业,上海,中国中铁股份有限公司,2007/12/3 0:00,北京,北京市,陈云,北京市丰台区南四环西路128号院1号楼918,www.crec.cn,ir@crec.cn,010-51878413,基建建设、勘察设计与咨询服务、工程设备和零部件制造及房地产开发等,土木工程建筑和线路、管道、设备安装的总承包；上述项目勘测、设计、施工、建设监理、技术咨询、技术开发、技术转让、技术服务的分项承包；土木工程专用机械设备、器材、构件、钢梁、钢结构、建筑材料的研制、生产、销售、租赁；在新建铁路线正式验收交付运营前的临时性客、货运输业务及相关服务；承包本行业的国外工程，境内外资工程；房地产开发、经营，资源开发，物贸物流；进出口业务；经营对销贸易和转口贸易；汽车销售；电子产品及通信信号设备、交电、建筑五金、水暖器材、日用百货的销售。
cn_002061,浙江交科,E48,建筑业,土木工程建筑业,深圳,浙江交通科技股份有限公司,2006/8/16 0:00,浙江,衢州市,吴伟,浙江省江山市景星东路38号,www.zjjiaoke.com,ir@zjjiaoke.com,0571-87569087,基建工程业务及化工业务。,公路工程、市政工程、城市轨道工程、铁路工程、港航工程、机场工程的技术研发与推广、投资、勘察、设计咨询、施工、养护、技术服务，地下工程的设计、施工、养护及咨询，危险化学品的生产（详见《安全生产许可证》），化工产品的开发、生产和销售，压力容器的设计，化工及机械设备的设计、制造、销售、安装、技术服务，火力发电，对外供热，经营进出口业务。（依法须经批准的项目，经相关部门批准后方可开展经营活动）
cn_002062,宏润建设,E48,建筑业,土木工程建筑业,深圳,宏润建设集团股份有限公司,2006/8/16 0:00,浙江,宁波市,郑宏舫,浙江省象山县丹城镇建设东路262号,www.chinahongrun.com,wuguhua@chinahongrun.com,021-54976006、021-54976007、021-64081888-1021,建筑施工、房地产开发、基础设施投资及新能源开发。,市政公用工程；房屋建筑工程；地基与基础工程；建筑装修装饰工程；钢结构工程；公路工程；机电安装工程；桥梁工程；城市轨道交通工程；园艺园林绿化工程；铁路工程；港口与航道工程；水利水电工程；工程技术开发及咨询；勘察设计、规划咨询；建设监理；劳务分包、派遣；国家批准的国际经济技术合作业务；机械及机电设备设计、制造、安装、租赁、维修、技术开发及咨询；建筑机械、水泥制品、建筑装潢材料、机电零部件、金属材料的制造、批发、零售；房地产开发经营；实业投资，投资管理及咨询；自营和代理货物和技术的进出口，但国家限定经营或禁止进出口的货物或技术除外。
cn_002081,金螳螂,E50,建筑业,建筑装饰和其他建筑业,深圳,苏州金螳螂建筑装饰股份有限公司,2006/11/20 0:00,江苏,苏州市,王汉林,江苏省苏州工业园区民营工业区内,www.goldmantis.com,tzglb@goldmantis.com,0512-68660622,承接酒店、写字楼、图书馆、医院、体育场馆等公共装饰工程的设计及施工。,承接建筑工程施工总承包项目；承接各类建筑室内、室外装修装饰工程的设计及施工；承接公用、民用建设项目的水电设备安装；建筑装饰设计咨询、服务、技术开发、技术转让；家具制作。承接各类建筑室内、室外艺术品的设计、施工；软装配饰设计、施工；环境导视系统设计、施工；承接各类型建筑幕墙工程的设计、生产、制作、安装及施工；承接金属门窗工程的加工、制作及施工；木制品制作；建筑石材加工。承接机电设备安装工程的制作、安装；承接城市园林绿化工程的设计与施工；承接园林古建筑工程的设计与施工；承接消防设施工程的设计与施工；民用、公用建筑工程设计。承接钢结构工程施工，承接轻型钢结构工程设计；承接城市及道路照明工程；销售：建筑材料；承包境外建筑装修装饰、建筑幕墙工程和境内国际招标工程，承包上述境外工程的勘测、咨询、设计和监理项目，出口上述境外工程所需的设备、材料；对外派遣实施上述境外工程所需的劳务人员。（依法须经批准的项目，经相关部门批准后方可开展经营活动）
cn_002325,洪涛股份,E50,建筑业,建筑装饰和其他建筑业,深圳,深圳洪涛集团股份有限公司,2009/12/22 0:00,广东,深圳市,刘年新,广东省深圳市罗湖区泥岗西洪涛路17号,www.szhongtao.cn,hongtao@szhongtao.cn,0755-82451183,承接酒店、剧院会场、写字楼、图书馆、医院、体育场馆等公共装饰工程的设计及施工。,室内外装饰设计；建筑幕墙设计；建筑装饰装修工程施工；建筑幕墙工程施工；城市及道路照明工程施工；机电安装工程施工；智能化工程施工；消防设施工程施工；建筑幕墙、门窗、木制品及石材制品的研发、设计、生产加工、销售、安装（子公司、分支机构经营）；园林雕塑设计；家私配套、空调设备、不锈钢制品的设计安装；进出口贸易业务（按深贸管字第690号）；照明产品、电线电缆、建筑材料的购销；园林绿化工程的设计与施工；房屋出租；设计和工程咨询（不含限制项4目）；股权投资（不含证券、保险、银行、金融业务、人才中介服务及其他限制项目）。
cn_002116,中国海诚,E48,建筑业,土木工程建筑业,深圳,中国海诚工程科技股份有限公司,2007/2/15 0:00,上海,上海市,赵国昂,上海市徐汇区宝庆路21号,www.haisum.com,haisum@haisum.com,021-64314018,工程设计、工程咨询、工程监理和工程总承包,国内外工程咨询，工程设计、监理，工程承包，建筑业（凭资质）及上述项目所需设备、材料销售；国内贸易（除专项）；压力容器设计；轻工产品（除审批）研发、制造，设备制造，在国（境）外举办各类企业，对外派遣部门的勘测、咨询、设计和监理劳务人员；办公楼租赁；从事货物与技术的进出口业务。
cn_601669,中国电建,E48,建筑业,土木工程建筑业,上海,中国电力建设股份有限公司,2011/10/18 0:00,北京,北京市,丁焰章,北京市海淀区车公庄西路22号,www.powerchina.cn,zgsd@sinohydro.com,010-58381999,工程承包、电力投资与运营、设备制造与租赁、房地产开发,水利、电力、公路、铁路、港口、航道、机场、房屋、市政工程设施、城市轨道工程施工、设计、咨询和监理；相关工程技术研究、勘测、设计、服务及设备制造；电力生产；招标代理；房地产开发经营；实业投资及管理；进出口业务；人员培训。
cn_002163,海南发展,E50,建筑业,建筑装饰和其他建筑业,深圳,海控南海发展股份有限公司,2007/8/23 0:00,广东,深圳市,朱强华,广东省深圳市南山区南海大道2061号新保辉大厦17层,www.sanxinglass.com,cas@sanxinglass.com,0755-26067916,幕墙与内装工程、光伏玻璃、特种玻璃技术及深加工三大产业。,玻璃深加工产品技术开发（不含限制项目）；生产、销售建筑安全玻璃、光学玻璃、光控玻璃、电子平板玻璃和建筑幕墙，建筑门窗、钢结构、玻璃深加工机械设备；承担建筑幕墙工程设计、施工；进出口业务(按深贸管登记第2001-086号文执行)；普通货运；对外劳务派遣。
cn_601186,中国铁建,E48,建筑业,土木工程建筑业,上海,中国铁建股份有限公司,2008/3/10 0:00,北京,北京市,汪建平,北京市海淀区复兴路40号东院,www.crcc.cn,ir@crcc.cn,010-52688600,工程承包、勘察设计咨询、工业制造、房地产开发、资本运营及物流等,（一）铁路、公路、城市轨道交通、机场、港口、码头、隧道、桥梁、水利电力、邮电、矿山、林木、市政、工业与民用建筑工程和线路、管道、设备安装的勘查、设计、技术咨询及工程总承包；（二）境外工程和境内国际工程承包；（三）地质灾害防治工程承包；（四）工程建设管理；（五）工业设备制造和安装；（六）房地产开发与经营；（七）汽车、黑色金属、木材、水泥、燃料、建筑材料、化工产品（危险化学品除外）、机电产品、钢筋混凝土制品及铁路专线器材的批发与销售；（八）仓储；（九）机械设备和建筑安装设备的租赁；（十）建筑装修装饰；（十一）进出口业务；（十二）与以上业务有关的技术咨询、技术服务。
cn_601618,中国中冶,E48,建筑业,土木工程建筑业,上海,中国冶金科工股份有限公司,2009/9/21 0:00,北京,北京市,张孟星,北京市朝阳区曙光西里28号中冶大厦,www.mccchina.com,ir@mccchina.com,010-59869999,工程承包、资源开发、装备制造及房地产开发。,国内外各类工程咨询、勘察、设计、总承包；工程技术咨询服务；工程设备的租赁；与工程建筑相关的新材料、新工艺、新产品的技术开发、技术服务、技术交流和技术转让；冶金工业所需设备的开发、生产、销售；建筑及机电设备安装工程规划、勘察、设计、监理和服务和相关研究；金属矿产品的投资、加工利用、销售；房地产开发、经营；招标代理；进出口业务；机电产品、小轿车、建筑材料、仪器仪表、五金交电的销售。
cn_300117,嘉寓股份,E50,建筑业,建筑装饰和其他建筑业,深圳,北京嘉寓门窗幕墙股份有限公司,2010/9/2 0:00,北京,北京市,田新甲,北京市顺义区牛栏山镇牛富路1号,www.jayugroup.com,service@jayugroup.com,010-69415566、010-69412772,节能门窗幕墙、太阳能光伏和高端智能装备。,制造金属门窗、防火门、防盗门、塑钢门窗、木制门窗；建筑幕墙加工；工程设计；专业承包；装潢设计；建筑幕墙设计、安装；仓储服务；销售自产产品；技术开发；技术转让；技术咨询；技术服务；技术推广；工程咨询。
cn_002856,美芝股份,E50,建筑业,建筑装饰和其他建筑业,深圳,深圳市美芝装饰设计工程股份有限公司,2017/3/20 0:00,广东,深圳市,杨水森,广东省深圳市福田区八卦四路科研楼7栋1-6层,www.szmeizhi.com,king@szmeizhi.com,0755-83262887,建筑装饰工程设计与施工。,建筑装修装饰工程专业承包；建筑机电安装工程专业承包；电子与智能化工程专业承包；建筑幕墙工程专业承包；消防设施工程专业承包；钢结构工程专业承包；建筑工程施工总承包；电力工程施工总承包；环保工程专业承包；空调工程安装，空气净化系统工程的安装，实验室配套工程的装修；室内外装饰设计、建筑幕墙设计、建筑机电与建筑智能化设计、工程技术与设计服务（上述范围需凭资质证经营）；园林绿化工程施工；计算机室的超静化技术开发（法律、行政法规、国务院决定禁止的项目除外，限制的项目须取得许可后方可经营）；国内贸易（不含专营、专卖、专控商品）；建筑装饰材料销售；物业管理；房屋租赁。
cn_002542,中化岩土,E48,建筑业,土木工程建筑业,深圳,中化岩土集团股份有限公司,2011/1/28 0:00,北京,北京市,邓明长,北京市大兴区科苑路13号院1号楼,www.cge.com.cn,cge@cge.com.cn,010-61271947,工程服务业务、通用航空业务、文化旅游业务、投资业务,工业、交通与民用各类建筑项目的岩土工程勘察、设计；地基与基础工程的施工；特种专业工程施工；土石方施工；深基坑支护方案的施工；岩土工程质量检测与评价；岩土工程新技术与设备的开发研制；岩土工程技术咨询；道路货物运输；地质灾害治理工程小型项目的勘查、设计、施工；销售工程机械、建筑材料、化工产品（不含危险化学品及一类易制毒化学品）；租赁工程机械设备；承包与公司实力、规模、业绩相适应的国外工程项目；对外派遣实施上述境外工程所需的劳务人员；工程咨询；建设工程质量检测；技术开发、技术转让、技术咨询、技术服务；货物进出口；技术进出口；投资管理；环境监测。（市场主体依法自主选择经营项目，开展经营活动；依法须经批准的项目，经相关部门批准后依批准的内容开展经营活动；不得从事国家和本市产业政策禁止和限制类项目的经营活动。）
cn_002323,*ST雅博,E50,建筑业,建筑装饰和其他建筑业,深圳,山东雅博科技股份有限公司,2009/12/18 0:00,山东,枣庄市,唐继勇,山东省枣庄市市中区东海路17号,www.yaboo-cn.com,amjhgs@yaboo-cn.com,021-32579919,金属屋面围护系统、智能金属屋面系统和分布式光伏发电系统,金属屋面、墙面围护系统新材料的设计、研发；软件开发；光伏分布式电站系统的安装调试；建筑工程设计、咨询；金属板及配套材料、五金产品（除电动三轮车）、光伏分布式电站系统组件的批发（不涉及国营贸易管理商品，涉及配额、许可证的，按国家相关规定申请办理）。（依法须经批准的项目，经相关部门批准后方可开展经营活动）
cn_002375,亚厦股份,E50,建筑业,建筑装饰和其他建筑业,深圳,浙江亚厦装饰股份有限公司,2010/3/23 0:00,浙江,绍兴市,张小明,浙江省上虞市章镇工业新区,www.chinayasha.com,yasha_002375@163.com,0571-28208786,建筑装饰装修工程、建筑幕墙工程、互联网家装、建筑智能化工程的设计和施工。,建筑装饰装修工程、建筑幕墙工程、钢结构工程、消防工程、水电工程、建筑智能化工程的设计、施工，石材加工，建筑幕墙、铝制品、金属门窗、建筑装饰材料、五金制品、家俱、木制品的生产、销售，广告设计、制作，经营进出口业务，承包境外建筑装修装饰、建筑幕墙工程和境内国际招标工程，承包上述工程的勘测、咨询、设计和监理项目，承包上述境外工程所需的设备、材料，对外派遣实施上述境外工程所需的劳务人员。(凭有效资质证书经营)(依法须经批准的项目，经相关部门批准后方可开展经营活动)
cn_603535,嘉诚国际,G59,交通运输、仓储和邮政业,仓储业,上海,广州市嘉诚国际物流股份有限公司,2017/8/8 0:00,广东,广州市,段容文,广东省广州市番禺区南村镇万博二路79号2202室,www.jiacheng88.com,securities@jiacheng88.com,020-34631836,为制造业企业提供全程供应链一体化管理的第三方综合物流服务。,运输货物打包服务；装卸搬运；道路货物运输代理；国际货运代理；货物检验代理服务；货物报关代理服务；联合运输代理服务；物流代理服务；仓储代理服务；其他仓储业（不含原油、成品油仓储、燃气仓储、危险品仓储）；供应链管理；房屋租赁；场地租赁（不含仓储）；计算机技术开发、技术服务；软件开发；货物进出口（专营专控商品除外）；技术进出口；厨房设备及厨房用品批发；清洁用品批发；家用电器批发；化工产品批发（危险化学品除外）；橡胶制品批发；厨房用具及日用杂品零售；清扫、清洗日用品零售；家用视听设备零售；日用家电设备零售；机电设备安装服务；日用电器修理；道路货物运输；货物专用运输（集装箱）；无船承运。
cn_000885,城发环境,G54,交通运输、仓储和邮政业,道路运输业,深圳,城发环境股份有限公司,1999/3/19 0:00,河南,郑州市,朱红兵,河南省郑州市农业路41号投资大厦16层,www.hncde.cn,cfhj000885@163.com,0371-69158399,高速公路运营和城市基础设施建设。,环境及公用事业项目的投资、建设、运营及管理；城市给排水、污水综合处理、中水利用、污泥处理；热力生产和供应；垃圾发电；水污染治理、大气环境治理、土壤治理、固体废弃物治理、餐厨垃圾处理、资源综合利用、生态工程和生态修复领域的技术研究与科技开发、设备制造与销售、工程设计与总承包建设、项目管理、工程咨询、技术服务；高速公路及市政基础设施投资、建设、运营；生态工程和生态修复；苗木种植；园林设计；园林绿化工程和园林维护；国内贸易。（依法须经批注的项目，经相关部门批准后方可开展经营活动）
cn_300013,新宁物流,G59,交通运输、仓储和邮政业,仓储业,深圳,江苏新宁现代物流股份有限公司,2009/10/30 0:00,江苏,苏州市,周博,江苏省昆山市张浦镇阳光西路760号,www.xinning.com.cn,jsxn@xinning.com.cn,0512-57120911,以电子元器件保税仓储为核心，并为电子信息产业供应链中的原料供应、采购与生产环节提供第三方综合物流服务，主要包括进出口货物保税仓储管理、配送方案设计与实施，及与之相关的货运代理、进出口通关等。,进出口货物的仓储、集装箱堆存及有关配套业务；保税仓库内货物的代理报关、报检、运输代理业务；库内货物的分级、分装、挑选、贴商标、制标签、整理等；供应链管理技术转让、技术开发和与之相关的技术咨询、技术服务业务等；电子产品、电脑配件、机械设备、五金交电、日用百货的销售。（涉及许可证的凭许可证生产经营）（依法须经批准的项目，经相关部门批准后方可开展经营活动）
cn_002492,恒基达鑫,G59,交通运输、仓储和邮政业,仓储业,深圳,珠海恒基达鑫国际化工仓储股份有限公司,2010/11/2 0:00,广东,珠海市,王青运,广东省珠海市高栏港经济区南迳湾,www.winbase-tank.com,winbase@winbase-tank.com,0756-3226342,液体石化产品的码头装卸及仓储业务。,液体化工产品的码头、仓储的建设与经营，汽油、煤油、柴油和植物油产品的仓储及公共保税仓库。
cn_300240,飞力达,G59,交通运输、仓储和邮政业,仓储业,深圳,江苏飞力达国际物流股份有限公司,2011/7/6 0:00,江苏,苏州市,姚勤,江苏省昆山开发区,www.feiliks.com,dshmsc@feiliks.com,0512-55278563,设计并提供一体化供应链管理解决方案。,综合货运站（场）（仓储）、货物专用运输（集装箱）、普通货运；承办空运、海运进出口货物的国际运输代理业务（包括揽货、订仓、仓储、中转、集装箱拼装、拆箱、结算运杂费、报关、报验及咨询业务）；自营和代理各类商品及技术的进出口业务；代签提单、运输合同，代办接受订舱业务；办理船舶、集装箱以及货物的报送手续；承揽货物、组织货载，办理货物、集装箱的托运和中转；代收运费，代办结算及其他相关业务、货运办理（代办）。
cn_601975,招商南油,G55,交通运输、仓储和邮政业,水上运输业,上海,招商局南京油运股份有限公司,2019/1/8 0:00,江苏,南京市,张锐,江苏省南京市鼓楼区中山北路324号油运大厦,www.njtc.com.cn,irm@njtc.com.cn,025-58586145,沿海和国际航线石油运输业务。,国内沿海、长江中下游及支流省际油船运输；国际船舶危险品运输；台湾海峡两岸间海上直航不定期货物运输；国际船舶管理；汽油、煤油、柴油批发；油轮船舶机务、海务管理；船舶检修、保养；船舶买卖、租赁、营运及资产管理；船舶技术服务、修理；工业生产资料、燃料油、润滑油、沥青销售；经营各类商品和技术的进出口业务（国家限定企业经营或禁止进出口的商品及技术除外）。
cn_601000,唐山港,G55,交通运输、仓储和邮政业,水上运输业,上海,唐山港集团股份有限公司,2010/7/5 0:00,河北,唐山市,宣国宝,河北省唐山市海港开发区,www.jtport.com.cn,tspgc@china.com,0315-2916417,港口装卸、运输、堆存仓储等物流业务,码头和其他港口设施经营；在港区内从事货物装卸、驳运、仓储经营；港口拖轮经营；船舶港口服务业务经营；港口机械、设施、设备租赁、维修经营；货物和技术的进出口业务（国家限定公司经营或禁止进出口的商品和技术除外）；建筑材料的销售。
cn_600012,皖通高速,G54,交通运输、仓储和邮政业,道路运输业,上海,安徽皖通高速公路股份有限公司,2003/1/7 0:00,安徽,合肥市,项小龙,安徽省合肥市望江西路520号,www.anhui-expressway.net,wtgs@anhui-expressway.net,0551-5338697,持有、经营及开发安徽省境内外的收费高速公路及公路。,高等级公路设计、建设、监理，收费、养护、施救、路产路权管理，餐饮、修配、仓储、公路运输，公路建设经营咨询服务，房屋租赁，汽车及零配件以及高新技术产品开发、生产、销售。
cn_002357,富临运业,G54,交通运输、仓储和邮政业,道路运输业,深圳,四川富临运业集团股份有限公司,2010/2/10 0:00,四川,绵阳市,董和玉,四川省绵阳市绵州大道北段98号,www.scflyy.cn,zhengquan@scflyy.cn,028-83262759,汽车客运站经营和汽车客、货运输。,汽车客、货运输，汽车租赁服务，石油制品销售，汽车一级、二级维护，汽车、小汽车专项修理（限于分公司经营），保险兼业代理（货物运输保险、机动车辆保险、企业财产保险、意外伤害保险、责任保险）。汽车配件销售，仓储服务，汽车美容，停车服务，货运信息服务，客运站经营，企业管理服务，票务代理，人力资源服务，商务服务，代理、发布国内广告。（依法须经批准的项目，经相关部门批准后方可开展经营活动）
cn_002682,龙洲股份,G54,交通运输、仓储和邮政业,道路运输业,深圳,龙洲集团股份有限公司,2012/6/12 0:00,福建,龙岩市,王跃荣,福建省龙岩市新罗区南环西路112号,www.lzgf.cn,lzyszqb@163.com,0597-3100699,现代物流（含沥青供应链）、汽车制造及销售与服务、汽车客运及站务服务、成品油及天然气销售等业务。,县内班车客运、县际班车客运、市际班车客运、省际班车客运、省际（旅游）包车客运、客运站经营；出租汽车客运；普通货运；一类汽车维修（仅限分支机构经营）；保险兼业代理：车险、货运险、意外险；房屋租赁；汽车租赁；对旅游、广告、城乡公交、机动车性能检测、交通职业技术培训、住宿、餐饮行业的投资；汽车（不含九座以下乘用车）、汽车配件、润滑油、日用百货、石制品、矿产品（除煤炭）、工艺品、服装、五金、化工产品（不含危险品及易制毒化学品）、建筑材料的销售；设计、制作、代理、发布国内各类广告。（以上经营范围涉及许可经营项目的，应在取得有关部门的许可后方可经营）。
cn_600106,重庆路桥,G54,交通运输、仓储和邮政业,道路运输业,上海,重庆路桥股份有限公司,1997/6/18 0:00,重庆,重庆市,江津,重庆市渝中区和平路9号10-1,www.cqrb.com.cn,cqrb@cqrb.com.cn,023-62803632,重庆牛角沱嘉陵江大桥、长江石板坡大桥、桥梁建设维护经营管理、小区开发；嘉陵江石门大桥、南山旅游公路的经营维护、管理。,嘉陵江石门大桥、嘉华嘉陵江大桥、长寿湖旅游专用高速公路经营、维护，市政公用工程施工总承包（壹级），房屋建筑工程（二级）；销售建筑材料和装饰材料（不含危险化学品）、五金、金属材料（不含稀贵金属）、木材、建筑机械。
cn_600017,日照港,G55,交通运输、仓储和邮政业,水上运输业,上海,日照港股份有限公司,2006/10/17 0:00,山东,日照市,牟伟,山东省日照市海滨二路,www.rzpcl.com,rzpcl@rzport.com,0633-8387350,煤炭、矿石等杂货的装卸、堆存等港口业务。,码头和其他港口设施经营；在港区内从事货物装卸、仓储服务；为船舶进出港、靠离码头、移泊提供顶推、拖带等港口拖轮服务；港口机械、设施、设备租赁维修经营；为船舶提供岸电、淡水供应等船舶港口服务；第二类增值电信业务中的因特网接入服务业务。（有效期限以许可证为准）。电力、机电设备及零配件、劳保用品、橡胶制品、五金、办公用品、金属材料、水泥、木材的销售；港区内通信设施维护、维修服务；污水处理；市场营销策划。（依法须经批准的项目，经相关部门批准后方可开展经营活动）
cn_603066,音飞储存,G59,交通运输、仓储和邮政业,仓储业,上海,南京音飞储存设备(集团)股份有限公司,2015/6/11 0:00,江苏,南京市,刘子力,江苏省南京市江宁经济技术开发区殷华街470号,www.informrack.com,xqy6355@informrack.com,025-52726323,仓储设备的研发、生产、销售与服务。,立体仓库系统及设备、货架、仓储设备、机械式停车设备、钢结构及五金制品、输送设备的设计、制造、安装、销售自产产品；信息系统集成服务；供应链管理及技术咨询、技术转让、技术服务；软件产品的研发、销售；自营和代理各类商品及技术的进出口业务（国家限定和禁止进出口的商品及技术除外）；企业管理咨询、商务信息咨询。（依法须经批准的项目，经相关部门批准后方可开展经营活动）许可项目：检验检测服务（依法须经批准的项目，经相关部门批准后方可开展经营活动，具体经营项目以审批结果为准）一般项目：普通货物仓储服务（不含危险化学品等需许可审批的项目）；低温仓储（不含危险化学品等需许可审批的项目）；互联网销售（除销售需要许可的商品）；通用设备维修、专用设备维修；教育咨询服务（不含涉许可审批的教育培训活动）（除依法须经批准的项目外，凭营业执照依法自主开展经营活动）
cn_603167,渤海轮渡,G55,交通运输、仓储和邮政业,水上运输业,上海,渤海轮渡集团股份有限公司,2012/9/6 0:00,山东,烟台市,于新建(代),山东省烟台市芝罘区环海路2号,www.bhferry.com,zqb@bhferry.com,0535-6291223,客货滚运输、融资租赁业务、邮轮业务、国际客滚运输产业、船舶燃油销售,烟台至大连、蓬莱至大连、蓬莱至旅顺、龙口至旅顺客滚船运输业务，船舶配件销售，餐饮服务，食品的销售。国际船舶管理业务：船舶买卖、租赁以及其他船舶资产管理；机务、海务和安排维修。国内船舶管理：船舶机务管理；船舶海务管理；船舶检修保养；船舶买卖租赁、营运及资产管理;货物与技术进出口；船舶物料供应和生活品供应；船舶修理。（不含国家限制、禁止类项目；依法须经批准的项目，经相关部门批准后方可开展经营活动）
cn_000582,北部湾港,G55,交通运输、仓储和邮政业,水上运输业,深圳,北部湾港股份有限公司,1995/11/2 0:00,广西,北海市,李延强,广西壮族自治区北海市海角路145号,www.bbwport.cn,bbwg@bbwport.com,0771-2519601,港口、运输、装卸、外轮代理等。,投资兴建港口、码头；为船舶提供码头设施服务；在港区内提供货物装卸、运输、过驳、仓储服务及集装箱拆装箱服务（含港口危险货物作业，凭《港口危险货物作业附证》核定的范围内作业）；港口设施、作业设备和机械的租赁、维修服务；港口旅客运输服务经营；港口拖轮服务；船舶港口服务（为船舶提供岸电、淡水供应；国际、国内航行船舶物料、生活品供应）；道路普通货物运输；机械加工及修理；自有房屋租赁；外轮代理行业的投资及外轮理货；化肥的购销；机电配件、金属材料、建筑材料、装饰材料、渔需品、五金交电化工的销售；供应链管理；经营硫酸、硫磺、正磷酸、高氯酸钾、氢氧化钠、石脑油、2-（2-氨基乙氧基）乙醇、煤焦沥青、黄磷、红磷、盐酸、{含易燃溶剂的合成树脂、油漆、辅助材料、涂料等制品、[闭杯闪点≤60℃]}批发（无仓储）。
cn_600657,信达地产,K70,房地产业,房地产业,上海,信达地产股份有限公司,1993/5/24 0:00,北京,北京市,郭伟,北京市东城区永内大街1号,www.cindare.com,dongban_dc@cinda.com.cn,010-82190959,房地产开发、经营、投资及物业管理。,房地产开发、经营，投资及物业管理，管理咨询、委托代建，营销代理、建材经销、物流。
cn_600665,天地源,K70,房地产业,房地产业,上海,天地源股份有限公司,1993/7/9 0:00,陕西,西安市,袁旺家,陕西省西安市高新区丈八街办科技路33号高新国际商务中心数码大厦12701室,www.tande.cn,tande@tande.cn,029-88326035,房地产业务的开发与经营,房地产开发和经营，自有房屋租赁，物业管理，实业投资，资产管理，国内贸易（除专项规定），与经营相关的咨询业务（上述经营范围涉及许可经营的凭许可证经营）。
cn_002377,国创高新,K70,房地产业,房地产业,深圳,湖北国创高新材料股份有限公司,2010/3/23 0:00,湖北,武汉市,王昕,湖北省武汉市东湖新技术开发区武大园三路8号,www.guochuang.com.cn,hb_guochuanggaoxin@qq.com,027-87617400,改性沥青产品的开发、生产与销售。,沥青系列产品的研发、生产、销售、仓储及物流；承接沥青路面工程；环保工程技术开发及应用；电子产品及相关设备的销售；计算机软件、硬件及相关网络技术的开发、设计、技术咨询和销售；企业管理咨询、房产经纪、房产信息咨询、自有物业租赁；货物进出口、技术服务、技术咨询、技术进出口(国家限制和禁止进出口的货物和技术除外)。
cn_002147,*ST新光,K70,房地产业,房地产业,深圳,新光圆成股份有限公司,2007/8/8 0:00,安徽,马鞍山市,虞江威,安徽省马鞍山市经济技术开发区超山西路,www.xgycgroup.com,dsh@masfy.com,0555-3506900,房地产开发和商业经营，回转支承和锻压设备的研发、生产与销售。,生产、销售回转支承、机械设备、锻压设备；销售金属制品、建材；技术咨询服务；劳动服务；经营本企业自产产品及技术的出口业务和本企业所需的机械设备、零配件、原辅材料及技术的进口业务，但国家限定公司经营或禁止进出口的商品及技术除外；房地产开发和经营；市场开发管理、商铺租赁、建材、装饰材料批发零售；房产信息中介，装饰工程设计。
cn_600692,亚通股份,K70,房地产业,房地产业,上海,上海亚通股份有限公司,1993/11/19 0:00,上海,上海市,梁峻,上海市崇明区八一路1号,www.shanghaiyatong.com,yt69692618@126.com,021-69695918,房地产开发，通信管网施工及运维，建筑钢材贸易等。,房地产开发经营，金属材料、机械设备、汽车零配件、化工产品（除危险化学品、易制毒化学品、监控化学品、烟花爆竹、民用爆炸用品）、建筑装饰材料、木材、家具、五金交电、百货的批发零售。【企业经营涉及行政许可的，凭许可证件经营】
cn_002208,合肥城建,K70,房地产业,房地产业,深圳,合肥城建发展股份有限公司,2008/1/28 0:00,安徽,合肥市,王晓毅,安徽省合肥市蜀山区潜山路100号琥珀五环国际A座(琥珀五环城和颂阁1幢201),www.hucd.cn,hucd002208@126.com,0551-62661906,普通商品住宅及其配套商业地产、综合商务楼的开发、销售、服务。,房地产开发及商品房销售、租赁、售后服务、城市基础设施及公用设施项目开发和经营；建材产品开发、生产、销售；工业、民用建筑技术咨询；室内装饰（以上项目需要许可证的一律凭证经营）。
cn_002244,滨江集团,K70,房地产业,房地产业,深圳,杭州滨江房产集团股份有限公司,2008/5/29 0:00,浙江,杭州市,戚金兴,浙江省杭州市庆春东路38号,www.binjiang.com.cn,office@binjiang.com.cn,0571-86987771,房地产开发与销售。,房地产开发，房屋建筑，商品房销售，水电安装，室内外装璜；含下属分支机构的经营范围；其他无需报经审批的一切合法项目（以工商登记机关核准为准）。
cn_002285,世联行,K70,房地产业,房地产业,深圳,深圳世联行集团股份有限公司,2009/8/28 0:00,广东,深圳市,胡嘉,广东省深圳市罗湖区深南东路2028号罗湖商务中心12楼,www.worldunion.com.cn,info@worldunion.com.cn,0755-22162708,交易服务业务、交易后服务、资产运营业务、资产管理业务。,房地产咨询、房地产代理、房地产经纪、物业管理。
cn_600807,济南高新,K70,房地产业,房地产业,上海,济南高新发展股份有限公司,1994/1/3 0:00,山东,济南市,刘金辉,山东省济南市高新开发区新宇南路1号济南国际会展中心A区,www.jngxfz.com,600807@vip.163.com,0531-86171188,住宅类与商业类房地产开发,纺织、服装、鞋帽及日用品、五金交电化工（不含化学危险品）、建筑及装饰材料、日用杂货（不含烟花爆竹）、家具、摩托车、钢材、商品房、汽车（不含小轿车）、文化体育用品及器材、电子产品、通信设备（不含无线电发射器材）的销售；房屋、柜台出租；工艺美术品（含金银饰品零售、翻新）；仓储（不含危险化学品）；装饰装修、物业管理（须凭资质证书经营）；企业管理服务；电子信息技术的开发、服务及培训；房地产开发、销售（凭资质证书经营）；矿业投资；矿产品开采的技术开发、技术咨询及技术服务；工程管理服务；投资咨询服务；房地产中介服务；土地管理服务；房屋拆迁服务；黄金制品、铂金制品、非金属矿及制品的批发、展示及零售；黄金矿山专用设备及物资的销售；从事货物及技术的进出口业务。(依法须经批准的项目，经相关部门批准后方可开展经营活动)
cn_000667,美好置业,K70,房地产业,房地产业,深圳,美好置业集团股份有限公司,1996/12/5 0:00,云南,昆明市,刘道明,云南省昆明市北京路与联盟路交叉口卓越俊园10幢1单元32层3202室,www.000667.com,IR@000667.com,027-87838669,装配式建筑业务、现代农业业务、产业新镇业务。,资产管理、股权、产权的投资转让，投资策划咨询服务、实业投资；房地产业、科研信息咨询服务业及市场建设的开发投资和经营管理，房地产开发、经营；房屋租赁（凭许可证开展经营活动）。
cn_002314,南山控股,K70,房地产业,房地产业,深圳,深圳市新南山控股(集团)股份有限公司,2009/12/3 0:00,广东,深圳市,田俊彦,广东省深圳市南山区招商街道赤湾社区赤湾六路8号南山开发集团赤湾总部大厦2501,www.xnskg.cn,nskg@xnskg.cn,0755-26853551,现代高端仓储物流、房地产开发和产城综合开发。,兴办实业(具体项目另行申报)；投资管理；物业开发与经营；供应链管理；管理咨询；经营码头及港口的货物装卸运输以及堆场、仓库及物业租赁业务，代理海上石油后勤服务；(依法须经批准的项目，经相关部门批准后方可开展经营活动)。
cn_000736,中交地产,K70,房地产业,房地产业,深圳,中交地产股份有限公司,1997/4/25 0:00,重庆,重庆市,李永前,重庆市江北区建新北路86号,www.cccgrealestate.com,zfdc000736@163.com,023-67530016,房地产开发。,从事房地产开发经营业务，实业投资，物业管理，高科技开发，设备租赁，代理各类商品及技术的进出口业务（国家限定公司经营或禁止进出口的商品及技术除外），国际经济技术合作的往来函调查及咨询服务；销售矿产品（不含国家规定产品），化工产品，建筑材料，装饰材料（以上不含危险化学品），汽车（不含九座及九座以下乘用车），摩托车及零部件，五金，交电，木材，钢材，日用百货，纺织品，工艺美术品（不含金银饰品）。中小型水、火力发电成套设备的开发、制造、销售及技术咨询服务（国家有专项管理规定的除外）。(具体经营范围以工商登记为准)
cn_600393,ST粤泰,K70,房地产业,房地产业,上海,广州粤泰集团股份有限公司,2001/3/19 0:00,广东,广州市,杨树坪,广东省广州市越秀区寺右新马路170号四楼,www.gzytgf.com,gzdhsy@163.com,020-87372621,房地产。,房地产开发经营；物业管理；房地产中介服务；房地产咨询服务；自有房地产经营活动；房屋租赁；场地租赁（不含仓储）；房屋建筑工程施工；企业自有资金投资；股权投资；商品批发贸易（许可审批类商品除外）；非金属矿及制品批发；金属及金属矿批发（国家专营专控类除外）；企业管理咨询服务；园林绿化工程服务；林木育种；林木育苗。
cn_000668,荣丰控股,K70,房地产业,房地产业,深圳,荣丰控股集团股份有限公司,1996/12/10 0:00,山东,青岛市,王征,山东省青岛市黄岛区庐山路6号名嘉国际1号楼2202室,www.rongfengholding.cn,ir_rfholding@126.com,010-51757676,房地产开发、医用骨科植入耗材配送和技术服务提供。,许可项目：房地产开发经营；住宅室内装饰装修；施工专业作业。（依法须经批准的项目，经相关部门批准后方可开展经营活动，具体经营项目以相关部门批准文件或许可证件为准）一般项目：住房租赁；非居住房地产租赁；土地使用权租赁；物业管理；建筑物清洁服务；园林绿化工程施工；以自有资金从事投资活动；以私募基金从事股权投资、投资管理、资产管理等活动（须在中国证券投资基金业协会完成登记备案后方可从事经营活动）。（除依法须经批准的项目外，凭营业执照依法自主开展经营活动）。
cn_000560,我爱我家,K70,房地产业,房地产业,深圳,我爱我家控股集团股份有限公司,1994/2/2 0:00,云南,昆明市,谢勇,云南省昆明市东风西路1号,000560.5i5j.com,000560@5i5j.com,0871-65626688,商业、房地产业和旅游服务业。,互联网技术研发和维护；信息技术开发、技术转让、技术咨询、技术服务；电子商务平台营运开发建设管理；数据处理；物流信息服务；物联网技术服务；房地产经纪业务；住房租赁经营；物业服务；建筑装修装饰工程的设计及施工；酒店管理；商场经营管理；商务信息咨询；进出口贸易；设计、制作、代理、发布各类广告（公司经营范围最终以昆明市市场监督管理局核准为准）。
cn_000421,南京公用,D45,电力、热力、燃气及水生产和供应业,燃气生产和供应业,深圳,南京公用发展股份有限公司,1996/8/6 0:00,江苏,南京市,李祥,江苏省南京市建邺区白龙江东街8号新城科技园科技创新综合体A4号楼18层,www.nj-public.com,securities@nj-public.com,025-86383611,客运业务、燃气业务及房地产业务。,许可经营项目：出租汽车服务；公共交通客运；机动车辆保险、意外伤害保险兼业代理；（汽车维修；机动车驾驶员培训；卷烟、雪茄、烟丝零售；预包装食品零售）。括号内项目仅限取得许可证的分支机构经营。一般经营项目：汽车修理培训；客车租赁服务；二手车经纪服务；机油、轮胎零售；物业管理；经济信息咨询服务；商务代理服务；汽车票务代理；汽车配件、日用百货、日用杂品、文教用品、电子产品及配件、工艺美术品、金属材料、五金交电、建筑材料、化工产品、服装销售；鞋帽的生产、销售；室内装璜；提供劳务；(上海大众品牌汽车销售及配套服务；自有房产租赁；停车场服务；停车场管理服务；设计、制作、代理报刊、印刷品、三维动画广告；代理发布车身、户外、馈赠品广告；食品添加剂销售；货运代理服务)。括号内经营范围仅限分支机构使用。
cn_600874,创业环保,D46,电力、热力、燃气及水生产和供应业,水的生产和供应业,上海,天津创业环保集团股份有限公司,1995/6/30 0:00,天津,天津市,刘玉军,天津市南开区卫津南路76号创业环保大厦12层,www.tjcep.com,tjcep@tjcep.com,022-23930000,水务业务及新能源供冷供热业务,污水与自来水以及其他水处理设施的投资、建设、设计、管理、经营、技术咨询、配套服务；市政基础设施的设计、建设、管理、施工和经营管理；天津市中环线东南半环城市道路特许经营、技术咨询及配套服务；环保科技及环保产品设备的开发经营；自有房屋出租等。
cn_600098,广州发展,D44,电力、热力、燃气及水生产和供应业,电力、热力生产和供应业,上海,广州发展集团股份有限公司,1997/7/18 0:00,广东,广州市,伍竹林,广东省广州市天河区临江大道3号发展中心30-32楼,www.gdg.com.cn,600098@gdg.com.cn,020-37850968,从事电力产业项目的设计、投资、工程总承包建设、生产、管理、销售。,从事能源（电力、煤炭、油品、天然气、新能源及可再生能源等综合能源业务）、节能、环保等业务的投资、管理，与上述业务有关的物资、设备、产品的销售（国家有专项专营规定的除外）。物流业、城市公用事业、工业、商业的投资和管理。批发和零售贸易（国家专营专控项目除外）。与主业相关的金融服务业。融资租赁业。
cn_000601,韶能股份,D44,电力、热力、燃气及水生产和供应业,电力、热力生产和供应业,深圳,广东韶能集团股份有限公司,1996/8/30 0:00,广东,韶关市,陈来泉,广东省韶关市武江区沿江路16号,www.shaoneng.com.cn、www.sn0601.com,shaonenggf@163.com,0751-8153162,能源（电力）、生态植物纤维制品、精密（智能）制造。,能源开发；货物和技术进出口；销售：机电产品、仪表仪器、建筑材料、装饰材料、金属材料、矿产品、五金家电、针纺织品、重油（代购）；咨询服务：企业管理咨询、财务咨询；以下项目由下属分支机构经营：电力生产、销售；制造、销售：纸浆、纸浆板、纸及纸制品；（以上经营项目法律、法规禁止的项目除外，法律、法规限制的项目取得许可后方可经营）。
cn_600769,祥龙电业,D46,电力、热力、燃气及水生产和供应业,水的生产和供应业,上海,武汉祥龙电业股份有限公司,1996/11/1 0:00,湖北,武汉市,董耀军,湖北省武汉市洪山区葛化街化工路31号,www.whghjt.com,pxldy@public.wh.hb.cn,027-87602482,供水和建筑安装,发电、供电、供热；发电设备及配件、仪器仪表销售、安装、维修。本公司电厂废次资源的综合利用、供发电技术开发、成果转让、咨询、人才培训、技术服务；汽车运输；化工原料；建筑材料、机械电器产品销售、组织化工产品的生产；供水及污水处理（主兼营中国家有专项规定的项目经审批后方可经营）。
cn_601139,深圳燃气,D45,电力、热力、燃气及水生产和供应业,燃气生产和供应业,上海,深圳市燃气集团股份有限公司,2009/12/25 0:00,广东,深圳市,李真,广东省深圳市福田区梅坳一路268号,www.szgas.com.cn,xgq@szgas.com.cn,0755-88660777,深圳市管道燃气供应、液化石油气批发、瓶装液化石油气零售、燃气投资业务。,管道燃气业务的经营，包括以管道输送形式向用户供应液化石油气(LPG)、液化天然气(LNG)、天然气、掺混气、人工煤气及其它气体燃料，并提供相关服务；燃气输配管网的投资、建设和经营；深圳市城市天然气利用工程的开发、建设和经营；液化石油气，天然气，燃气，燃气用具，钢瓶检测；经营性道路危险货物（液化石油气、液化天然气）运输；车船加气；燃气分布式能源及气电一体化、清洁能源综合配套产业；燃气设计咨询；燃气设备研发、制造和销售；承担燃气管道安装工程；电脑软硬件开发、销售、实施和相关售后服务，信息系统集成，技术服务，技术转让，技术咨询和企业管理咨询，计算机软件及设备的销售和代理；自有物业租赁；燃气综合“保险兼业代理（代理险种：责任保险、人身意外险、家庭财产保险）”。以上经营范围以在工商行政管理局最近一次核准登记后的章程为准。
cn_000875,吉电股份,D44,电力、热力、燃气及水生产和供应业,电力、热力生产和供应业,深圳,吉林电力股份有限公司,2002/9/26 0:00,吉林,长春市,牛国君,吉林省长春市人民大街9699号,www.spicjl.com,jdgf@spic.com.cn,0431-81150932,发电、供热、清洁能源投资开发、电站检修、科技项目研发、配售电等业务。,火电、水电、新能源（包括风电、太阳能、分布式能源、气电、生物质、核能）的开发、投资、建设、生产、经营、销售、技术服务、项目建设委托管理；供热、工业供气、供水（冷、热水）、制冷服务（由分支机构凭许可证经营）；煤炭的采购与销售；电站检修及运维服务；配电网、供热管网、供水管网的投资、建设、检修和运营管理业务；汽车充电桩设施的建设和经营管理服务；粉煤灰、石膏综合利用开发、销售；燃烧煤烟污染治理服务；自有房屋租赁；电力项目科技咨询；计算机信息系统集成；电力设施承试四级（申请人在取得相关许可审批部门许可文件、证件后方可开展经营活动）；电站发电设备及附件的生产、开发和销售（由分支机构凭许可证经营）；电力设备加工、安装、检修；冷却设备安装、维护；工程管理及设备试验服务；火电厂环保科技领域内的技术开发、技术咨询和技术服务；环境工程设计、环境污染治理运营；环保成套设备的研发、销售；信息安全技术服务、咨询与评估；危险废物处置；进出口贸易。
cn_600956,新天绿能,D45,电力、热力、燃气及水生产和供应业,燃气生产和供应业,上海,新天绿色能源股份有限公司,2020/6/29 0:00,河北,石家庄市,曹欣,河北省石家庄市裕华西路9号,www.suntien.com,ir@suntien.com,0311-85516363,天然气销售业务及风力发电业务。,对风能、太阳能、核能等新能源项目的投资，对电力环保设备制造项目的投资，对天然气、液化天然气、压缩天然气、煤制气、煤层气开发利用项目的投资（以上范围属于国家限制类或淘汰类的项目除外）；新能源、清洁能源技术开发、技术服务、技术咨询。
cn_600886,国投电力,D44,电力、热力、燃气及水生产和供应业,电力、热力生产和供应业,上海,国投电力控股股份有限公司,1996/1/18 0:00,北京,北京市,朱基伟,北京市西城区西直门南小街147号楼11层1108,www.sdicpower.com,gtdl@sdicpower.com,010-88006378,投资建设、经营管理以电力生产为主的能源项目；开发及经营新能源项目、高新技术、环保产业；开发和经营电力配套产品及信息、咨询服务,投资建设、经营管理以电力生产为主的能源项目；开发及经营新能源项目、高新技术、环保产业；开发和经营电力配套产品及信息、咨询服务。
cn_002039,黔源电力,D44,电力、热力、燃气及水生产和供应业,电力、热力生产和供应业,深圳,贵州黔源电力股份有限公司,2005/3/3 0:00,贵州,贵阳市,罗涛,贵州省贵阳市南明区都司高架桥路46号(黔源大厦),www.gzqydl.cn,qydl@gzqydl.cn,0851-85218808,水力发电站（厂）的开发建设与经营管理。,投资、开发、经营水、火电站及其他电力工程；电力、热力产品购销及服务，配电网投资及经营，合同能源管理和节能咨询服务；水电工程项目管理及工程技术咨询；为电力行业服务的各种机电设备及原材料；水工机械安装、维修以及有关的第三产业。
cn_000669,ST金鸿,D45,电力、热力、燃气及水生产和供应业,燃气生产和供应业,深圳,金鸿控股集团股份有限公司,1996/12/10 0:00,吉林,吉林市,王议农,吉林省吉林市高新区恒山西路108号,www.spjhe.com,jhkg669@163.com,010-82809445-8018、010-64255501-8222,天然气综合利用业务、环保工程服务业务。,能源开发利用；资产经营管理、投资咨询、技术开发与咨询服务、国内批发与零售贸易；高新技术推广服务和高科技产品产业化投资合作业务；计算机软件及硬件生产、销售；日用百货、化工产品（不含化学危险品及易制毒化学品）、建筑材料（木材除外）购销；电化学环保产品、网络及软件开发、生产、销售和服务；电子产品、光电子产品生产、销售；建筑材料（木材除外）、金属材料、机电产品（小轿车除外）批发零售；自营和代理各类商品和技术的进出口，但国家限定公司经营或禁止进出口的商品和技术除外；企业自有资金对外投资；公司自有房产、设备对外租赁。
cn_601158,重庆水务,D46,电力、热力、燃气及水生产和供应业,水的生产和供应业,上海,重庆水务集团股份有限公司,2010/3/29 0:00,重庆,重庆市,郑如彬,重庆市渝中区龙家湾1号,www.cncqsw.com,swjtdsb@cqswjt.com,023-63860827,自来水销售、污水处理服务,一般项目：从事城镇给排水项目的投资、经营及建设管理；从事城镇给排水相关市政基础设施项目建设、运营及管理；给排水设备制造、安装及维护；给排水工程设计及技术咨询服务；水环境综合治理。（依法须经批准的项目，经相关部门批准后方可开展经营活动）（除依法须经批准的项目外，凭营业执照依法自主开展经营活动）
cn_601199,江南水务,D46,电力、热力、燃气及水生产和供应业,水的生产和供应业,上海,江苏江南水务股份有限公司,2011/3/17 0:00,江苏,无锡市,华锋,江苏省江阴市滨江扬子江路66号,www.jsjnsw.com,master@jsjnsw.com,0510-86276771,自来水的制售、自来水排水及相关水处理业务。,自来水制售；自来水排水及相关水处理业务；供水工程的设计及技术咨询；水质检测；水表计量检测；对公用基础设施行业进行投资。（依法须经批准的项目，经相关部门批准后方可开展经营活动）
cn_601368,绿城水务,D46,电力、热力、燃气及水生产和供应业,水的生产和供应业,上海,广西绿城水务股份有限公司,2015/6/12 0:00,广西,南宁市,黄东海,广西壮族自治区南宁市青秀区桂雅路13号,www.gxlcwater.com,crystal@gxlcwater.com,0771-4851348,自来水生产供应及污水处理业务。,自来水的生产和销售、给排水设施的建设及运营；生活污水处理；给排水电气自动化和信息的技术咨询、技术开发、技术转让、技术培训、技术服务；水质检测（仅供监测站使用）、管道听漏、检漏、修漏。（依法须经批准的项目，经相关部门批准后方可开展经营活动。）
cn_600917,重庆燃气,D45,电力、热力、燃气及水生产和供应业,燃气生产和供应业,上海,重庆燃气集团股份有限公司,2014/9/30 0:00,重庆,重庆市,王颂秋,重庆市江北区鸿恩路7号,www.cqgas.cn,dbcqgas@163.com,023-67952837,城市燃气供应以及燃气设施设备的安装服务。,燃气供应、输、储、配、销售及管网的设计、制造、安装、维修、销售、管理及技术咨询（凭相应资质和许可经营），区域供热、供冷、热电联产的供应；燃气高新技术开发，管材防腐加工，燃气具销售。自备货车经国家铁路过轨运输（按许可证核定的事项及期限从事经营），代办货物运输（不含水路和航空货物运输代理），代办货物储存（不含危险化学品）；货物进出口。（经营范围涉及许可、审批经营的，须办理相应许可、审批手续后方可经营）。
cn_601009,南京银行,J66,金融业,货币金融服务,上海,南京银行股份有限公司,2007/7/19 0:00,江苏,南京市,胡升荣,江苏省南京市中山路288号,www.njcb.com.cn,boardoffice@njcb.com.cn,025-86775067,吸收公众存款；发放短期、中期和长期贷款；办理国内结算；办理票据承兑与贴现；发行金融债券；代理发行、代理承兑、承销政府债券；买卖政府债券、金融债券；从事同业拆借；买卖、代理买卖外汇；从事银行卡业务；提供信用证服务及担保；代理收付款项及代理保险业务；提供保管箱服务；经中国银行业监督管理委员会批准的其他业务。,(一)吸收公众存款；(二)发放短期、中期和长期贷款；(三)办理国内外结算；(四)办理票据承兑与贴现；(五)发行金融债券；(六)代理发行、代理兑付、承销政府债券；(七)买卖政府债券、金融债券；(八)从事同业拆借；(九)买卖、代理买卖外汇；(十)从事银行卡业务；(十一)提供信用证服务及担保；(十二)代理收付款项及代理保险业务；(十三)提供保管箱服务；(十四)经中国银行业监督管理委员会批准的其他业务。
cn_601988,中国银行,J66,金融业,货币金融服务,上海,中国银行股份有限公司,2006/7/5 0:00,北京,北京市,刘连舸,北京市西城区复兴门内大街1号,www.boc.cn,bocir@bank-of-china.com,010-66596688,吸收人民币存款；发放短期、中期和长期贷款；办理结算；办理票据贴现；发行金融债券等等。,吸收人民币存款；发放短期、中期和长期贷款；办理结算；办理票据贴现；发行金融债券；代理发行、代理兑付、承销政府债券；买卖政府债券；从事同业拆借；提供信用证服务及担保；代理收付款项及代理保险业务；提供保管箱服务；外汇存款；外汇贷款；外汇汇款；外币兑换；国际结算；同业外汇拆借；外汇票据的承兑和贴现；外汇借款；外汇担保；结汇、售汇；发行和代理发行股票以外的外币有价证券；买卖和代理买卖股票以外的外币有价证券；自营外汇买卖；代客外汇买卖；外汇信用卡的发行和代理国外信用卡的发行及付款；资信调查、咨询、见证业务；组织或参加银团贷款；国际贵金属买卖；海外分支机构经营当地法律许可的一切银行业务；在港澳地区的分行依据当地法令可发行或参与代理发行当地货币；经中国银行业监督管理委员会等监管部门批准的其他业务。
cn_000046,泛海控股,J69,金融业,其他金融业,深圳,泛海控股股份有限公司,1994/9/12 0:00,北京,北京市,栾先舟,北京市东城区建国门内大街28号民生金融中心C座22层,www.fhkg.com,dsh@fhkg.com,010-85259601、010-85259602,金融业务、房地产业务、战略投资业务,投资及投资管理；资产管理；经营房地产业务及物业管理；自有物业租赁；企业管理咨询；销售建筑材料、装饰材料、机械设备。
cn_601099,太平洋,J67,金融业,资本市场服务,上海,太平洋证券股份有限公司,2007/12/28 0:00,云南,昆明市,李长伟,云南省昆明市北京路926号同德广场写字楼31楼,www.tpyzq.com,tpy@tpyzq.com,0871-68885858,证券承销和上市推荐、证券自营买卖、证券代理买卖等业务,证券经纪；证券投资咨询；与证券交易、证券投资活动有关的财务顾问；证券自营；证券承销与保荐；证券资产管理；证券投资基金销售；代销金融产品；融资融券；中国证监会批准的其他业务。
cn_002736,国信证券,J67,金融业,资本市场服务,深圳,国信证券股份有限公司,2014/12/29 0:00,广东,深圳市,张纳沙,广东省深圳市罗湖区红岭中路1012号国信证券大厦十六层至二十六层,www.guosen.com.cn,ir@guosen.com.cn,0755-82130188,从事证券经纪、投资银行、证券自营、资产管理和资本中介等业务。,证券经纪；证券投资咨询；与证券交易、证券投资活动有关的财务顾问；证券承销与保荐；证券自营；证券资产管理；融资融券；证券投资基金代销；金融产品代销；为期货公司提供中间介绍业务；证券投资基金托管；股票期权做市。
cn_600864,哈投股份,J67,金融业,资本市场服务,上海,哈尔滨哈投投资股份有限公司,1994/8/9 0:00,黑龙江,哈尔滨市,赵洪波,黑龙江省哈尔滨市南岗区昆仑商城隆顺街27号,,sbrd27@sohu.com,0451-51939831,投资，电力和热力生产供应。,实业投资、股权投资和投资咨询，电力、热力生产和供应。
cn_600926,杭州银行,J66,金融业,货币金融服务,上海,杭州银行股份有限公司,2016/10/27 0:00,浙江,杭州市,陈震山,浙江省杭州市下城区庆春路46号,www.hzbank.com.cn,ir@hzbank.com.cn,0571-85064656,金融服务及其相关业务。,(一)吸收公众存款；(二)发放短期、中期和长期贷款；(三)办理国内外结算；(四)办理票据承兑与贴现；(五)发行金融债券；(六)代理发行、代理兑付、承销政府债券；(七)买卖政府债券、金融债券；(八)从事同业拆借；(九)买卖、代理买卖外汇；(十)从事银行卡业务；(十一)提供信用证服务及担保；(十二)代理收付款项及代理保险业务；(十三)提供保管箱服务；(十四)经中国人民银行批准，经营结汇、售汇业务；(十五)经银行业监督管理机构批准的其他业务。
cn_601198,东兴证券,J67,金融业,资本市场服务,上海,东兴证券股份有限公司,2015/2/26 0:00,北京,北京市,魏庆华,北京市西城区金融大街5号（新盛大厦）12、15层,www.dxzq.net,dshms@dxzq.net.cn,010-66555171,从事证券经纪、投资银行、资产管理、自营、另类投资业务、信用交易、期货、直接投资等业务。,证券经纪；证券投资咨询；与证券交易、证券投资活动有关的财务顾问；证券承销与保荐；证券自营；证券资产管理；融资融券；证券投资基金销售；代销金融产品；保险兼业代理。（市场主体依法自主选择经营项目，开展经营活动；依法须经批准的项目，经相关部门批准后依批准的内容开展经营活动；不得从事国家和本市产业政策禁止和限制类项目的经营活动。）
cn_600901,江苏租赁,J66,金融业,货币金融服务,上海,江苏金融租赁股份有限公司,2018/3/1 0:00,江苏,南京市,熊先根,江苏省南京市建邺区嘉陵江东街99号金融城1号楼8-9、11-19、25-33层,www.jsleasing.cn,info@jsleasing.cn,025-86816906,融资租赁业务。,（一）融资租赁业务；（二）转让和受让融资租赁资产；（三）固定收益类证券投资业务；（四）接受承租人的租赁保证金；（五）吸收非银行股东3个月（含）以上定期存款；（六）同业拆借；（七）向金融机构借款；（八）境外借款；（九）租赁物变卖及处理业务；（十）经济咨询；（十一）中国银行保险监督管理委员会批准的其他业务。
cn_601236,红塔证券,J67,金融业,资本市场服务,上海,红塔证券股份有限公司,2019/7/5 0:00,云南,昆明市,沈春晖,云南省昆明市北京路155号附1号,www.hongtastock.com,investor@hongtastock.com,0871-63577113,证券经纪、证券自营、证券承销与保荐；证券投资咨询；与证券交易、证券投资活动有关的财务顾问；证券资产管理；融资融券；证券投资基金代销；为期货公司提供中间介绍业务；代销金融产品业务。,证券经纪、证券自营、证券承销与保荐；证券投资咨询；与证券交易、证券投资活动有关的财务顾问；证券资产管理；融资融券；证券投资基金代销；为期货公司提供中间介绍业务；代销金融产品业务。
cn_002423,中粮资本,J69,金融业,其他金融业,深圳,中粮资本控股股份有限公司,2010/6/3 0:00,河南,焦作市,孙彦敏,河南省济源市承留镇小寨村,www.cofco-capital.com,cofcocapital@cofco.com,010-85017079,信托、保险、期货、银行等金融业务。,投资与资产管理；企业管理；投资策划及咨询服务；国内贸易及进出口业务；设备及房屋租赁；电子商务。（依法须经批准的项目，经相关部门批准后方可开展经营活动）
cn_300033,同花顺,J69,金融业,其他金融业,深圳,浙江核新同花顺网络信息股份有限公司,2009/12/25 0:00,浙江,杭州市,易峥,浙江省杭州市余杭区五常街道同顺街18号,www.10jqka.com.cn,myhexin@myhexin.com,0571-88852766,为各类机构客户提供软件产品和系统维护服务、金融数据服务、智能推广服务，为个人投资者提供金融资讯和投资理财分析工具。,第二类增值电信业务中的信息服务业务（凭有效《中华人民共和国增值电信业务经营许可证》经营）。计算机、电子产品的技术开发、技术服务、成果转让，计算机软硬件的销售，设计、制作、发布、代理国内各类广告。（依法须经批准的项目，经相关部门批准后方可开展经营活动）
cn_000567,海德股份,J69,金融业,其他金融业,深圳,海南海德资本管理股份有限公司,1994/5/25 0:00,海南,海口市,王广西,海南省海口市海德路5号,www.000567.com,haide@hd-amc.cn,0898-66978322、0898-60318885,不良资产收购重组业务、收购处置业务、不良资产ABS业务。,资本运作及管理；投融资研究、咨询；企业重组、并购经营业务。（一般经营项目自主经营，许可经营项目凭相关许可证或者批准文件经营）（依法须经批准的项目，经相关部门批准后方可开展经营活动。）
cn_000563,陕国投Ａ,J69,金融业,其他金融业,深圳,陕西省国际信托股份有限公司,1994/1/10 0:00,陕西,西安市,薛季民,陕西省西安市高新区科技路50号金桥国际广场C座,www.siti.com.cn,sgtdm@siti.com.cn,029-81870262,信托业务、固有业务和投资顾问等中介业务。,（一）资金信托；（二）动产信托；（三）不动产信托；（四）有价证券信托；（五）其他财产或财产权信托；（六）作为投资基金或者基金管理公司的发起人从事投资基金业务；（七）经营企业资产的重组、购并及项目融资、公司理财、财务顾问等业务；（八）受托经营国务院有关部门批准的证券承销业务；（九）办理居间、咨询、资信调查等业务；（十）代保管及保管箱业务；（十一）存放同业、拆放同业、贷款、租赁、投资方式运用固有财产；（十二）以固有财产为他人提供担保；（十三）从事同业拆借；（十四）法律法规规定或中国银行业监督管理委员会批准的其他业务。
cn_000564,*ST大集,F52,批发和零售业,零售业,深圳,供销大集集团股份有限公司,1994/1/10 0:00,陕西,西安市,杜小平,陕西省西安市解放路103号,www.gongxiaodaji.com,000564@ccoop.com.cn,029-87363588,百货的零售与批发。,许可经营项目：预包装食品兼散装食品；乳制品（含婴幼儿配方乳粉）批发兼零售；卷烟、雪茄烟的零售。仓储服务；文化娱乐服务；旅馆；理发美容；浴池；洗染；汽车清洗装潢；租赁；汽车出租；人力资源中介服务；饮食服务；互联网信息服务。一般经营项目：国内商业、物资供销业、日用百货、服装鞋帽、针纺织品、皮革制品、钟表眼镜、金银饰品、珠宝玉器、工艺品、文体用品、办公家具、家具、五金交电、家用电器、照相器材、运动器材、通讯器材、电子计算机及零件、化妆品、进口化妆品、洗涤用品的销售；服装干洗、服装加工销售；柜台租赁；物业管理；广告设计、制作、代理、发布；计算机软件开发、销售；企业管理咨询服务；机械制造；摄影服务；自营和代理各类商品及技术的进出口业务；日用品修理、机动车停车场。
cn_603353,和顺石油,F52,批发和零售业,零售业,上海,湖南和顺石油股份有限公司,2020/4/7 0:00,湖南,长沙市,赵忠,湖南省长沙市望城区月亮岛街道潇湘北路二段8号,www.hnhsjt.com,zengyue@hnhsjt.com,0731-89708656,成品油批发、零售。,不带有储存设施经营汽油、柴油[闭杯闪点≤60℃]、溶剂油[闭杯闪点≤60℃]（按许可证核定的期限和范围从事经营）；带有储存设施经营汽油、柴油（限分支机构凭许可证经营）；便利店零售；销售预包装食品、散装食品、乳制品（不含婴幼儿配方乳粉）、宠物系列食品及日用品、营养和保健食品、日用百货、家用电器及电子产品、国产酒类、进口酒类、燃料油、润滑油、石脑油（以上非成品油）、化工原料及产品（不含危险及监控化学品）；餐饮服务；卷烟、雪茄烟零售（分支机构经营）；汽车加气站经营；汽车美容、洗车、保养以及配件销售。（依法须经批准的项目，经相关部门批准后方可开展经营活动）
cn_603719,良品铺子,F52,批发和零售业,零售业,上海,良品铺子股份有限公司,2020/2/24 0:00,湖北,武汉市,杨红春,湖北省武汉市东西湖区走马岭革新大道8号,www.517lppz.com,dongban@lppz.com,027-85793003,公司主要从事休闲食品的研发、采购、销售和运营业务。,以连锁店、商业特许、网络等方式从事：散装食品（含冷藏冷冻食品，含散装熟食）、预包装食品（含冷藏冷冻食品）、特殊食品（保健品、婴幼儿配方乳粉、其他婴幼儿配方食品）、蔬菜、干鲜果品、花卉、日用百货、农产品、农副产品（不含稻谷、小麦、玉米的收购、批发）的批发零售；热食类食品（含半成品类食品）；糕点类食品（含裱花类食品）；自制饮品（含自制生鲜乳饮品）、冷食类食品、生食类食品（含肉制品、生海鲜食品）的制售；食品分装加工；仓储服务、场地出租。（涉及许可经营项目，应取得相关部门许可后方可经营）
cn_000757,浩物股份,F52,批发和零售业,零售业,深圳,四川浩物机电股份有限公司,1997/6/27 0:00,四川,内江市,颜广彤,四川省内江市市中区汉渝大道1558号,hwgf757.com,hwgf757@hwgf757.com,028-63286976,多缸发动机曲轴的研发、制造与销售。,销售：汽车（不含九座以下乘用车）、工程机械、电子设备、金属材料、汽车装饰材料、农用机械、机电产品；二手车收购、销售；汽车、机械设备租赁；汽车保养技术咨询服务；制造、销售：柴油机、柴油机发电机组、柴油机配件、农用三轮车、农用四轮车、汽车配件、摩托车、筑路机械及以柴油机为动力的农用机械、柴油机零配件的加工、生产、批发、零售及代购代销；制造、销售：集成电路、晶元、电脑及附属设备、电脑软件技术开发及晶元研发、检测；出口本企业自产的计算机显示器、计算机网络产品、计算机外部设备、机械成套设备及相关技术；制造和销售塑料制品；建筑工程施工及建筑装饰施工；批发与零售建筑材料、五金（不含消防器材）、化工产品（不含危险化学品及易制毒化学品）；批发煤炭及其制品、铁矿石、铁矿粉；经营各类商品及技术进出口业务（但国家限定或禁止进出口的商品及技术除外，法律、法规规定许可经营的各类商品和技术，凭许可证经营）。（以上经营范围依法须经批准的项目，经相关部门批准后方可开展经营活动）
cn_002091,江苏国泰,F51,批发和零售业,批发业,深圳,江苏国泰国际集团股份有限公司,2006/12/8 0:00,江苏,苏州市,张子燕,江苏省张家港市国泰时代广场11-24楼,www.gtig.com,office@gtig.com,0512-58696853,供应链服务和化工新能源业务。,国内贸易；自营和代理各类商品及技术的进出口业务；服装鞋帽、服饰、日用百货、针纺织品、皮革制品的生产加工及网络销售。对外派遣工程、生产及服-3-务行业所需的劳务人员（不含海员）、预包装食品批发与零售。（依法须经批准的项目，经相关部门批准后方可开展经营活动）（以工商局核定为准）
cn_000759,中百集团,F52,批发和零售业,零售业,深圳,中百控股集团股份有限公司,1997/5/19 0:00,湖北,武汉市,李军,湖北省武汉市江汉区江汉路129号,www.whzb.com,whzb@whzb.com,027-82814019,百货的零售与批发。,商业零售及商品的网上销售；农产品加工；日用工业品及塑料制品加工；经营和代理各类商品及技术的进出口业务（不含国家禁止或限制进出口的货物或技术）；对房地产业、对酒店餐饮业、对商务服务业、对软件业及对农业项目投资与资产管理；法律法规禁止的不得经营，须经审批的在批准后方可经营，法律法规未规定审批的，企业可自行开展经营活动。（以上经营范围中，国家有专项规定的凭许可证在核定的范围、期限内方可经营）
cn_002416,爱施德,F51,批发和零售业,批发业,深圳,深圳市爱施德股份有限公司,2010/5/28 0:00,广东,深圳市,黄文辉,广东省深圳市福田区泰然大道东泰然劲松大厦20F,www.aisidi.com,ir@aisidi.com,0755-21519976、0755-21519907,智能终端分销业务、金融及供应链服务业务、通信服务业务、智慧零售业务,投资兴办实业（具体项目另行申报）；国内商业、物资供销业（不含专营、专控、专卖商品）；进出口业务（按深贸进准字第[2001]0629号文办理）；信息咨询（不含限制项目）；移动通讯、电子产品及有关配套产品的购销与代理；信息咨询与技术服务；计算机软硬件的技术开发，计算机及配件、五金交电、机械设备、通信器材、无线设备、数码产品的购销；零售连锁；供应链管理(以上项目法律、行政法规、国务院决定禁止的项目除外，限制的项目须取得许可后方可经营)；信息服务业务（仅限互联网信息服务业务）；移动通信转售业务；二类医疗器械销售。
cn_000705,浙江震元,F51,批发和零售业,批发业,深圳,浙江震元股份有限公司,1997/4/10 0:00,浙江,绍兴市,吴海明,浙江省绍兴市越城区稽山街道延安东路558号,www.zjzy.com,000705@zjzy.com,0575-85144161、0575-85139563,药品及医疗器械。,药品的批发（范围详见《药品经营许可证》），预包装食品兼散装食品及乳制品（含婴幼儿配方乳粉，凭《食品经营许可证》经营），中药饮片的生产（限分支机构凭有效许可证经营）。食用农产品、医疗器械、化学试剂、玻璃仪器、兽药、饲料添加剂、化工原料及产品（不含危险品及易制毒化学品）、五金交电、健身器械、化妆品、日用百货的销售，商务咨询服务，房屋及机械设备的租赁服务，会议服务，展览服务，仓储服务（不含危险品），农副产品的收购，消毒用品的销售，增值电信业务服务。（依法须经批准的项目，经相关部门批准后方可开展经营活动）。
cn_002187,广百股份,F52,批发和零售业,零售业,深圳,广州市广百股份有限公司,2007/11/22 0:00,广东,广州市,冯凯芸(代),广东省广州市越秀区西湖路12号,www.grandbuy.com.cn,grandbuyoffice@163.com,020-83322348,百货零售,商品批发贸易（许可审批类商品除外）;钟表维修服务;技术进出口;企业管理咨询服务;日用电器修理;装卸搬运;其他仓储业（不含原油、成品油仓储、燃气仓储、危险品仓储）;广告业;洗衣服务;场地租赁（不含仓储）;摄影服务;照片扩印及处理服务;复印服务;二、三类医疗器械零售;货物进出口（专营专控商品除外）;物业管理;验光配镜服务;道路货物运输代理;停车场经营;乳制品批发;烟草制品零售;酒类零售;药品零售;预包装食品零售;散装食品批发;乳制品零售;内贸普通货物运输;散装食品零售;道路货物运输;专业停车场服务;商品零售贸易（许可审批类商品除外）;百货零售（食品零售除外）;非酒精饮料及茶叶零售;服装零售;黄金制品零售;纺织品及针织品零售;木制、塑料、皮革日用品零售;化妆品及卫生用品零售;计算机零售;计算机零配件零售;家用电器批发;电子产品零售;钟表零售;箱、包零售;工艺美术品零售;自行车零售;小饰物、小礼品零售;日用杂品综合零售;宝石饰品零售;服装辅料零售;家用视听设备零售;干果、坚果零售;通信设备零售;办公设备耗材零售;收藏品零售（国家专营专控的除外）;照相器材零售;清扫、清洗日用品零售;陶瓷、玻璃器皿零售;海味干货零售;打字机、复印机、文字处理机零售;日用家电设备零售;眼镜零售;头饰零售;安全技术防范产品零售;玩具零售;文具用品零售;日用灯具零售;钻石首饰零售;鞋帽零售;水晶饰品零售;体育用品及器材零售;玉石饰品零售;禽、蛋及水产品零售;厨房用具及日用杂品零售;婴儿用品零售;粮油零售;肉制品零售;便利店经营和便利店连锁经营;超级市场零售（食品零售除外）;豆制品零售;糕点、面包零售;熟食零售;卫生洁具零售;收购农副产品;洗染服务;五金零售;许可类医疗器械经营（即申请《医疗器械经营企业许可证》才可经营的医疗器械”，包括第三类医疗器械和需申请《医疗器械经营企业许可证》方可经营的第二类医疗器械）;米、面制品及食用油批发;医疗用品及器材零售（不含药品及医疗器械）;批发兼零售：预包装食品兼散装食品、乳制品（含婴幼儿配方乳粉）、保健食品、卷烟、雪茄烟、烟丝、酒、日用杂货、化妆品、五金、家居百货用品、服装、小家电；零售计生用品（不含需要前置审批的药用、医用品）；收购及销售农副产品；场地出租；设计、制作、代理、发布国内外各类广告;文具用品批发;日用器皿及日用杂货批发;鞋帽批发;服装批发;鞋零售;软件开发;信息系统集成服务;信息技术咨询服务;企业形象策划服务;策划创意服务;投资咨询服务;商品信息咨询服务;市场营销策划服务;电子、通信与自动控制技术研究、开发;网络技术的研究、开发;计算机技术开发、技术服务;邮政代办业务;包装服务;食品添加剂零售;白银制品零售;玻璃钢制品零售;房屋租赁;互联网商品零售（许可审批类商品除外）;铂金制品零售;其他人造首饰、饰品零售;旅客票务代理;乐器零售;室内装饰、装修;树脂及树脂制品零售;蔬菜零售;企业财务咨询服务;收藏品的修复、养护服务;室内装饰设计服务;水果零售;冷冻肉零售;零售鲜肉（仅限猪、牛、羊肉）;酒店管理;蛋类零售;企业自有资金投资;小吃服务;酒店住宿服务（旅业）;中餐服务;儿童室内游艺厅（室）;理发服务;酒类批发;美容服务;货运站服务;西餐服务;预包装食品批发;图书、报刊零售;烟草制品批发;音像制品及电子出版物零售；鲜肉、冷却肉配送；零售冷却肉（仅限猪、牛、羊肉）；生鲜家禽零售；其他肉类零售（猪、牛、羊肉除外）；木制、塑料、皮革用品零售；宠物用品零售；食用菌零售；等。
cn_600859,王府井,F52,批发和零售业,零售业,上海,王府井集团股份有限公司,1994/5/6 0:00,北京,北京市,杜宝祥,北京市王府井大街255号,www.wfj.com.cn,wfjcc@wfj.com.cn,010-65125960,商品零售和商业物业出租,销售糕点、酒、饮料、散装干果、定型包装食品、粮油、食品、副食品、烟、健字药品、化学药制剂、医疗器械、音像制品、电子出版物、图书、期刊、报纸、保险柜、汽车配件；烘烤销售面包；美容；餐饮服务；代理家财保险；电子游艺；汽车货运；制造、加工袜子；服装、针纺织品的制造、加工；洗染；现场制售面包、糕点（含冷加工糕点）；经营儿童娱乐设施（以上项目限下属分支机构经营）；购销百货、通讯器材、针纺织品、五金交电化工（不含危险化学品及一类易制毒化学品）、工艺美术品、金银饰品、仪器仪表、电子计算机及其配件、新闻纸、凸版纸、纸袋纸、家具、民用建材、日用杂品、花卉、饮食炊事机械、制冷空调设备、金属材料、机械电器设备、化工轻工材料；室内装饰设计；音乐欣赏；舞会；摄影；游艺活动；仓储；日用电器；电子器具、日用品修理；文化用品修理；设计、制作、代理、发布国内和外商来华广告；设备租赁；出租办公用房、商业用房；经济贸易咨询；企业管理咨询；技术服务；货物进出口、技术进出口、代理进出口。具体经营范围以工商管理部门核定为准。
cn_002264,新华都,F52,批发和零售业,零售业,深圳,新华都购物广场股份有限公司,2008/7/31 0:00,福建,厦门市,倪国涛,福建省厦门市思明区香莲里28号莲花广场商业中心二层237-263单元,www.nhd-mart.com,info@nhd.com.cn,0591-87987972,百姓日常生活所需服装、日化、果蔬、熟食、电器等商品，以及为客户提供餐饮、娱乐、数字营销等服务。,米、面制品及食用油类预包装食品批发(含冷藏冷冻食品)；米、面制品及食用油类散装食品批发(含冷藏冷冻食品)；糕点、糖果及糖类预包装食品批发(含冷藏冷冻食品)；糕点、糖果及糖类散装食品批发(含冷藏冷冻食品)；果品批发；蔬菜批发；肉、禽、蛋批发；水产品批发；调味品类预包装食品批发(含冷藏冷冻食品，不含食盐)；调味品类散装食品批发(含冷藏冷冻食品，不含食盐)；保健食品批发；酒、饮料及茶叶类预包装食品批发(含冷藏冷冻食品)；酒、饮料及茶叶类散装食品批发(含冷藏冷冻食品)；烟草制品零售；其他未列明预包装食品批发(含冷藏冷冻食品)；其他未列明散装食品批发(含冷藏冷冻食品)；婴幼儿配方乳粉批发；其他婴幼儿配方食品批发；图书批发；音像制品批发；电子出版物批发；中药批发；百货零售；粮食收购与经营；纺织品、针织品及原料批发；服装批发；鞋帽批发；化妆品及卫生用品批发；厨房、卫生间用具及日用杂货批发；灯具、装饰物品批发；家用电器批发；文具用品批发；体育用品及器材批发(不含弩)；珠宝首饰批发；工艺品及收藏品批发(不含文物、象牙及其制品)；其他文化用品批发；其他家庭用品批发；五金产品批发；计算机、软件及辅助设备批发；通讯及广播电视设备批发；其他机械设备及电子产品批发；建筑装饰业；商务信息咨询；会议及展览服务。
cn_600829,人民同泰,F51,批发和零售业,批发业,上海,哈药集团人民同泰医药股份有限公司,1994/2/24 0:00,黑龙江,哈尔滨市,刘波,黑龙江省哈尔滨市南岗区衡山路76号,www.hyrmtt.com.cn,renmintongtai@hyrmtt.com.cn,0451-84600888,医药批发、医药零售等医药商业业务。,投资管理及咨询；以自有资产对医疗行业进行投资及投资管理；医疗、医药咨询服务；企业管理咨询；接受委托从事委托方的资产管理、企业管理。
cn_300184,力源信息,F51,批发和零售业,批发业,深圳,武汉力源信息技术股份有限公司,2011/2/22 0:00,湖北,武汉市,赵马克,湖北省武汉市东湖新技术开发区武大园三路5号,www.icbase.com,zqb@icbase.com,027-59417345,上游电子元器件的代理分销业务及自研芯片业务、下游解决方案和模块的研发、生产、销售以及泛在电力物联网终端产品的研发、生产及销售。,电子产品、电子元器件、信息技术及相关成套产品方案的开发、研制、生产、销售及技术服务；货物及技术进出口贸易；自有房屋租赁（含水电）；集成电路芯片及集成电路模块的设计、开发、测试、封装、销售及技术服务。(上述经营范围不涉及外商投资准入特别管理措施；依法须经批准的项目，经相关部门批准后方可开展经营活动)
cn_600998,九州通,F51,批发和零售业,批发业,上海,九州通医药集团股份有限公司,2010/11/2 0:00,湖北,武汉市,刘长云,湖北省武汉市汉阳区龙阳大道特8号,www.jztey.com,believen@jztey.com,027-84672240,药品、医疗器械等产品的批发、零售连锁及药品生产和研发以及有关增值服务业务,批发中药饮片、中成药、中药材、化学药制剂、抗生素制剂、抗生素原料药、生化药品、生物制品、化学原料药、医疗用毒性药品（中西药）、精神药品（一类、二类）、体外诊断试剂、麻醉药品、蛋白同化剂、肽类激素；批发危险化学品；消毒品；销售一、二、三类医疗器械（含体外诊断试剂）；药品的包装材料和容器；医药中间体；化学试剂；中药材种植、中药研究、中药产业投资咨询（不含证煌蹲首裳）、批零兼营化妆品、日用百货、农副土特产品、日用家电、五金、玩具、酒类、电子和数码产品；销售预包装食品（含冷藏冷冻食品）；特殊食品销售（保健食品、特殊医学用途配方食品、婴幼儿配方乳粉、其他婴幼儿配方食品）；各类技术和商品的进出口（国家法律法规规定需要获得批准后方可经营的商品和技术除外）；仓储设施建设与经营、物流技术开发与服务、信息咨询与服务。租赁一、二、三类医疗器械（含体外），医疗器械咨询、安装、检测、维修服务，自有房屋租赁、设备租赁，企业管理软件的销售与售后服务；添加剂的销售、农药销售；药用辅料和化工产品（不含危化品）热食类食品制售；互联网药品和医疗器械信息服务；汽车新车销售。（涉及许可经营项目，应取得相关部门许可后方可经营）
cn_301024,霍普股份,M74,科学研究和技术服务业,专业技术服务业,深圳,上海霍普建筑设计事务所股份有限公司,2021/7/28 0:00,上海,上海市,龚俊,上海市浦东新区民生路3号60幢270库二层,www.hyp-arch.com,ir@hyp-arch.com,021-58783137,为客户提供建筑专业领域内的概念规划设计、方案设计、初步设计等咨询顾问服务。,一般项目：建筑工程设计，装饰设计，环境景观设计，建筑专业领域内的技术咨询、技术服务，室内装饰及室内陈设设计，装饰用品销售，动画设计、动漫设计、图文设计，建筑装修装饰工程，计算机软硬件的技术开发与销售，企业管理咨询，货物及技术进出口（但国家限制公司经营或禁止进出口的商品和技术除外）。（除依法须经批准的项目外，凭营业执照依法自主开展经营活动）
cn_300149,睿智医药,M73,科学研究和技术服务业,研究和试验发展,深圳,睿智医药科技股份有限公司,2010/12/22 0:00,广东,江门市,华风茂,广东省江门市高新区高新西路133号,www.cppt.com.cn,ir@cppt.com.cn,020-66811798,医药研发服务及外包生产业务、微生态营养及医疗服务,医药研发服务；保健食品（国内保健食品批准证书范围内产品）的研发、生产、销售及技术转让；低聚果糖、低聚半乳糖、母乳低聚糖、医疗器械、诊断试剂、调味料（固态、液体）、饮料、蜂产品、茶叶及相关制品、糖果制品、其他食品等预包装食品、新食品原料、特殊膳食食品、特殊医学用途配方食品、食品添加剂及酶制剂、医药辅料、饲料添加剂的研发、生产、销售；医药技术研发、技术咨询和技术转让；生物技术的开发和转让；研发、销售包装材料；健康管理服务(不含医疗服务)、咨询、生物健康技术开发；经营本企业生产、科研所需的原辅材料、产品、仪器仪表、机械设备、零配件及相关技术的进出口业务；批发、零售：预包装食品、乳制品、保健食品、化妆品、日用品、保健仪器、检测仪器、理疗仪器；资产租赁。（以上经营范围涉及前置审批的项目凭相关许可证核准的经营范围经营，未取得前置许可证的不得经营。上述经营范围不涉及国营贸易管理商品，涉及配额、许可证管理商品的，按国家有关规定办理申请。）
cn_300746,汉嘉设计,M74,科学研究和技术服务业,专业技术服务业,深圳,汉嘉设计集团股份有限公司,2018/5/25 0:00,浙江,杭州市,岑政平,浙江省杭州市湖墅南路501号迪尚商务大厦,www.cnhanjia.com,hjzq@cnhanjia.com,0571-89975176,建筑设计、装饰景观市政设计及EPC总承包等。,建筑工程设计，室内外装饰工程设计，园林工程设计，建设工程总承包（凭资质证书经营）、技术研究、开发、服务，经济技术咨询，晒图。（依法须经批准的项目，经相关部门批准后方可开展经营活动）
